{
    "accuracy": [
        0.606927216053009,
        0.8820598125457764,
        0.9295507669448853,
        0.9535025954246521,
        0.9635143876075745,
        0.9717530608177185,
        0.9773321151733398
    ],
    "loss": [
        1.4174623489379883,
        0.3619648814201355,
        0.21811816096305847,
        0.13982641696929932,
        0.10898151248693466,
        0.0838131383061409,
        0.06838779151439667
    ],
    "val_accuracy": [
        0.8602908849716187,
        0.8558836579322815,
        0.9541648030281067,
        0.9550462961196899,
        0.9704715609550476,
        0.963420033454895,
        0.9546055793762207
    ],
    "val_loss": [
        0.4772965908050537,
        0.41707366704940796,
        0.15847164392471313,
        0.13767148554325104,
        0.0955994576215744,
        0.13432550430297852,
        0.14633092284202576
    ]
}