{
    "accuracy": [
        0.3147975504398346,
        0.6852635741233826,
        0.8157528638839722,
        0.8693731427192688,
        0.9017012119293213,
        0.9266771674156189,
        0.9429252743721008,
        0.9533650279045105,
        0.9619399905204773,
        0.968298614025116,
        0.9734191298484802,
        0.974825382232666
    ],
    "loss": [
        2.4486939907073975,
        1.0103669166564941,
        0.5827999711036682,
        0.4011658728122711,
        0.29467248916625977,
        0.22167420387268066,
        0.17156562209129333,
        0.1375724971294403,
        0.11481424421072006,
        0.09513065218925476,
        0.08029381185770035,
        0.07422854751348495
    ],
    "val_accuracy": [
        0.554429292678833,
        0.7399735450744629,
        0.8457470536231995,
        0.9061260223388672,
        0.9193477034568787,
        0.9189069867134094,
        0.9259585738182068,
        0.9700308442115784,
        0.9748787879943848,
        0.9872190356254578,
        0.9757602214813232,
        0.9673864841461182
    ],
    "val_loss": [
        1.460323691368103,
        0.7965753674507141,
        0.5035611391067505,
        0.3070681393146515,
        0.23662549257278442,
        0.23882782459259033,
        0.21221058070659637,
        0.1014895960688591,
        0.08851587772369385,
        0.06117118149995804,
        0.08532411605119705,
        0.09783563017845154
    ]
}