{
    "accuracy": [
        0.649725615978241,
        0.9031380414962769,
        0.9400822520256042,
        0.9579964280128479,
        0.9687113165855408,
        0.9765067100524902,
        0.981611967086792,
        0.9835684895515442
    ],
    "loss": [
        1.3247898817062378,
        0.31170013546943665,
        0.1864040344953537,
        0.127102792263031,
        0.09457441419363022,
        0.07119659334421158,
        0.05588635429739952,
        0.0522884838283062
    ],
    "val_accuracy": [
        0.8611723184585571,
        0.9378581047058105,
        0.9501983523368835,
        0.9427060484886169,
        0.9739973545074463,
        0.9797267317771912,
        0.9687086939811707,
        0.975319504737854
    ],
    "val_loss": [
        0.45293325185775757,
        0.22590665519237518,
        0.15069891512393951,
        0.1990957111120224,
        0.0819765031337738,
        0.06500668823719025,
        0.09871715307235718,
        0.06572353839874268
    ]
}