{
    "accuracy": [
        0.6459349393844604,
        0.9021292328834534,
        0.9436283707618713,
        0.9638659358024597,
        0.9726548790931702,
        0.9810464382171631
    ],
    "loss": [
        1.323406457901001,
        0.31413576006889343,
        0.17181473970413208,
        0.11033317446708679,
        0.08312927186489105,
        0.059892185032367706
    ],
    "val_accuracy": [
        0.8594094514846802,
        0.9171441197395325,
        0.9669457674026489,
        0.9762009978294373,
        0.9722344875335693,
        0.9647421836853027
    ],
    "val_loss": [
        0.4644191265106201,
        0.2726306617259979,
        0.1187460720539093,
        0.08560464531183243,
        0.09828275442123413,
        0.10763544589281082
    ]
}