{
    "accuracy": [
        0.7188450694084167,
        0.9310792684555054,
        0.9623832702636719,
        0.9763538837432861,
        0.9820094108581543,
        0.9864420890808105,
        0.9884138703346252,
        0.9915167689323425,
        0.9899271130561829,
        0.9943444728851318
    ],
    "loss": [
        1.086996078491211,
        0.23554524779319763,
        0.12741291522979736,
        0.0792820006608963,
        0.057976994663476944,
        0.045918866991996765,
        0.04053094610571861,
        0.02935297042131424,
        0.03404376655817032,
        0.018947692587971687
    ],
    "val_accuracy": [
        0.9131776094436646,
        0.9532833695411682,
        0.9806082248687744,
        0.9682679772377014,
        0.9850154519081116,
        0.9920669794082642,
        0.9955927729606628,
        0.998237133026123,
        0.9969149231910706,
        0.9973556399345398
    ],
    "val_loss": [
        0.3422926664352417,
        0.1721997857093811,
        0.07392357289791107,
        0.1438712179660797,
        0.0642085075378418,
        0.03438524901866913,
        0.024978652596473694,
        0.01562621258199215,
        0.019354572519659996,
        0.019919076934456825
    ]
}