{
    "accuracy": [
        0.5530165433883667,
        0.8341408967971802,
        0.8989957571029663,
        0.9304373264312744,
        0.9506901502609253,
        0.9606560468673706,
        0.968680739402771,
        0.9728841781616211,
        0.977225124835968,
        0.9810616970062256
    ],
    "loss": [
        1.6856166124343872,
        0.5684900283813477,
        0.34125882387161255,
        0.23645420372486115,
        0.17056338489055634,
        0.13419918715953827,
        0.10725052654743195,
        0.09082505851984024,
        0.07435917109251022,
        0.06306546181440353
    ],
    "val_accuracy": [
        0.7743499279022217,
        0.8739532828330994,
        0.8849713802337646,
        0.9321286678314209,
        0.952842652797699,
        0.9687086939811707,
        0.9801674485206604,
        0.9779638648033142,
        0.9704715609550476,
        0.977523148059845
    ],
    "val_loss": [
        0.8291841149330139,
        0.4476674497127533,
        0.38135501742362976,
        0.22441920638084412,
        0.15843738615512848,
        0.11708661168813705,
        0.09780751168727875,
        0.07854010909795761,
        0.10080302506685257,
        0.08008753508329391
    ]
}