{
    "accuracy": [
        0.499350368976593,
        0.8035553097724915,
        0.8674319386482239,
        0.9002950191497803,
        0.92034912109375,
        0.9308194518089294,
        0.939807116985321,
        0.9467771053314209,
        0.9522186517715454,
        0.957507312297821,
        0.9604573249816895,
        0.9625055193901062,
        0.9653944373130798,
        0.9689558744430542,
        0.9702703952789307,
        0.9708818197250366,
        0.973831832408905,
        0.9750240445137024,
        0.9759411811828613,
        0.9763080477714539
    ],
    "loss": [
        1.8902524709701538,
        0.6959581971168518,
        0.44937586784362793,
        0.33650803565979004,
        0.2693465054035187,
        0.2284437119960785,
        0.19884416460990906,
        0.17698119580745697,
        0.15592730045318604,
        0.14039716124534607,
        0.12862280011177063,
        0.12031715363264084,
        0.11120010167360306,
        0.10016902536153793,
        0.09366486221551895,
        0.09180828928947449,
        0.08194480091333389,
        0.0779007151722908,
        0.07615719735622406,
        0.07325194776058197
    ],
    "val_accuracy": [
        0.7223446369171143,
        0.8184221982955933,
        0.8572058081626892,
        0.8995152115821838,
        0.9308065176010132,
        0.928602933883667,
        0.9409431219100952,
        0.9559277296066284,
        0.9559277296066284,
        0.9620978236198425,
        0.9581313133239746,
        0.9638607501983643,
        0.9541648030281067,
        0.9722344875335693,
        0.9726752042770386,
        0.9784045815467834,
        0.9766417145729065,
        0.9814896583557129,
        0.9766417145729065,
        0.975319504737854
    ],
    "val_loss": [
        0.9842528700828552,
        0.6309801340103149,
        0.45253056287765503,
        0.3347776234149933,
        0.25361505150794983,
        0.24218881130218506,
        0.21452122926712036,
        0.17550703883171082,
        0.159384623169899,
        0.12606830894947052,
        0.13477928936481476,
        0.1178092435002327,
        0.13914763927459717,
        0.09543876349925995,
        0.09594235569238663,
        0.08349941670894623,
        0.07589875906705856,
        0.07163646072149277,
        0.0806632936000824,
        0.07539001852273941
    ]
}