{
    "accuracy": [
        0.5795668363571167,
        0.9014872312545776,
        0.952050507068634,
        0.9697201251983643,
        0.9790287613868713,
        0.981611967086792,
        0.984745442867279,
        0.987680196762085,
        0.9914861917495728,
        0.9887654185295105,
        0.993213415145874,
        0.9911346435546875
    ],
    "loss": [
        1.4761813879013062,
        0.3062654137611389,
        0.14563964307308197,
        0.09422735869884491,
        0.06293151527643204,
        0.054000724107027054,
        0.04813426360487938,
        0.03835102915763855,
        0.028304392471909523,
        0.03834311291575432,
        0.023667775094509125,
        0.027204224839806557
    ],
    "val_accuracy": [
        0.817981481552124,
        0.951079785823822,
        0.9762009978294373,
        0.975319504737854,
        0.9841339588165283,
        0.977523148059845,
        0.9885411858558655,
        0.997796356678009,
        0.997796356678009,
        0.997796356678009,
        0.9973556399345398,
        0.9991185665130615
    ],
    "val_loss": [
        0.5695165395736694,
        0.16218622028827667,
        0.09672819077968597,
        0.08250091224908829,
        0.0485120490193367,
        0.10857678949832916,
        0.043884966522455215,
        0.015480502508580685,
        0.015301293693482876,
        0.012539022602140903,
        0.01920085772871971,
        0.012750574387609959
    ]
}