{
    "accuracy": [
        0.2819192111492157,
        0.48340797424316406,
        0.5284380316734314,
        0.5549271702766418,
        0.5717102289199829,
        0.5857878923416138,
        0.6002323627471924,
        0.6165721416473389,
        0.6328049898147583,
        0.6474328637123108,
        0.6649037599563599,
        0.6855846047401428,
        0.6986228227615356,
        0.7112789154052734,
        0.723659873008728,
        0.7364841103553772,
        0.7479632496833801,
        0.7560185194015503,
        0.7671308517456055
    ],
    "loss": [
        2.7307326793670654,
        1.7105515003204346,
        1.5436787605285645,
        1.4405972957611084,
        1.3727930784225464,
        1.3186426162719727,
        1.2679868936538696,
        1.2179358005523682,
        1.1671286821365356,
        1.1166682243347168,
        1.062738060951233,
        1.0066406726837158,
        0.9581881165504456,
        0.9159775972366333,
        0.8750342130661011,
        0.8421143889427185,
        0.8115851283073425,
        0.7852205634117126,
        0.7567384243011475
    ],
    "val_accuracy": [
        0.4446893036365509,
        0.515204906463623,
        0.5143234729766846,
        0.5702952742576599,
        0.5672101974487305,
        0.6183340549468994,
        0.6289114356040955,
        0.6319964528083801,
        0.6324371695518494,
        0.6469810605049133,
        0.6778316497802734,
        0.6760687232017517,
        0.69942706823349,
        0.7170559763908386,
        0.7338034510612488,
        0.7201410531997681,
        0.756721019744873,
        0.7527545094490051,
        0.7536359429359436
    ],
    "val_loss": [
        1.9051614999771118,
        1.6402671337127686,
        1.5734913349151611,
        1.4224727153778076,
        1.3655917644500732,
        1.2926145792007446,
        1.2471674680709839,
        1.2132830619812012,
        1.171578049659729,
        1.1154637336730957,
        1.0466954708099365,
        1.0044547319412231,
        0.9843897223472595,
        0.9435600638389587,
        0.8653213977813721,
        0.8698258399963379,
        0.7958802580833435,
        0.8172957897186279,
        0.8038089871406555
    ]
}