{
    "accuracy": [
        0.23638476431369781,
        0.5041499137878418,
        0.6015009880065918,
        0.6770860552787781,
        0.7288262248039246,
        0.7656176090240479,
        0.7923818826675415,
        0.8109992146492004,
        0.8290662169456482,
        0.8432508707046509,
        0.8552343845367432,
        0.8658117055892944,
        0.8747687935829163,
        0.8851627111434937,
        0.8933555483818054,
        0.901273250579834,
        0.907112181186676,
        0.912828803062439,
        0.920425534248352,
        0.9254390597343445,
        0.9286183714866638
    ],
    "loss": [
        2.8491947650909424,
        1.5536786317825317,
        1.2376092672348022,
        1.0051923990249634,
        0.8450934886932373,
        0.7330420613288879,
        0.6540091633796692,
        0.5880822539329529,
        0.5358356833457947,
        0.4884835481643677,
        0.44938939809799194,
        0.41547152400016785,
        0.3872874677181244,
        0.3557395935058594,
        0.32389035820961,
        0.3007875382900238,
        0.27998432517051697,
        0.2627710998058319,
        0.23948344588279724,
        0.227669358253479,
        0.21753141283988953
    ],
    "val_accuracy": [
        0.4226531386375427,
        0.519612193107605,
        0.6566769480705261,
        0.7126487493515015,
        0.7536359429359436,
        0.785368025302887,
        0.7902159690856934,
        0.785368025302887,
        0.8382547497749329,
        0.8519171476364136,
        0.8545615077018738,
        0.8726311326026917,
        0.8959894180297852,
        0.8999559283256531,
        0.8862935304641724,
        0.9153812527656555,
        0.9114147424697876,
        0.9189069867134094,
        0.9321286678314209,
        0.9316879510879517,
        0.9083296656608582
    ],
    "val_loss": [
        1.937880277633667,
        1.453930377960205,
        1.0949161052703857,
        0.9643332958221436,
        0.8352867364883423,
        0.6990541219711304,
        0.655316174030304,
        0.659023642539978,
        0.5191349983215332,
        0.4849615693092346,
        0.44848617911338806,
        0.4014233648777008,
        0.3490591049194336,
        0.31692084670066833,
        0.3476698100566864,
        0.27155014872550964,
        0.25792500376701355,
        0.24752254784107208,
        0.21547959744930267,
        0.2213796079158783,
        0.2958220839500427
    ]
}