{
    "accuracy": [
        0.5728107690811157,
        0.8845207095146179,
        0.9335249066352844,
        0.9530134797096252,
        0.9641869068145752,
        0.9700258374214172,
        0.9748865365982056,
        0.9807101488113403,
        0.9824526309967041,
        0.983599066734314,
        0.9836143255233765,
        0.9865643382072449,
        0.9890405535697937,
        0.9892698526382446,
        0.9888877272605896
    ],
    "loss": [
        1.609131097793579,
        0.3743046522140503,
        0.21181917190551758,
        0.14721257984638214,
        0.11070125550031662,
        0.08781678229570389,
        0.07525862008333206,
        0.05831143632531166,
        0.052775491029024124,
        0.04895375669002533,
        0.049906082451343536,
        0.04106587544083595,
        0.03564620763063431,
        0.03445820137858391,
        0.03478333353996277
    ],
    "val_accuracy": [
        0.8228294253349304,
        0.8594094514846802,
        0.9559277296066284,
        0.9722344875335693,
        0.9709122776985168,
        0.9792860150337219,
        0.9717937707901001,
        0.9863376021385193,
        0.9850154519081116,
        0.9951520562171936,
        0.9947113394737244,
        0.9933891296386719,
        0.998237133026123,
        0.9916262626647949,
        0.977523148059845
    ],
    "val_loss": [
        0.5884181261062622,
        0.4004940390586853,
        0.16013069450855255,
        0.09474895894527435,
        0.09920550137758255,
        0.07999037206172943,
        0.09025897830724716,
        0.0490536130964756,
        0.0470910482108593,
        0.024347642436623573,
        0.021447962149977684,
        0.031916189938783646,
        0.014802923426032066,
        0.036835476756095886,
        0.07566913217306137
    ]
}