{
    "accuracy": [
        0.6256515383720398,
        0.8960457444190979,
        0.9356495141983032,
        0.9548018574714661,
        0.9654402732849121,
        0.9760329127311707,
        0.979288637638092,
        0.9811075329780579
    ],
    "loss": [
        1.4645686149597168,
        0.3439941108226776,
        0.20470210909843445,
        0.14071467518806458,
        0.10606598854064941,
        0.07521967589855194,
        0.06242822855710983,
        0.0574512705206871
    ],
    "val_accuracy": [
        0.8739532828330994,
        0.9396209716796875,
        0.9515205025672913,
        0.9682679772377014,
        0.9413838982582092,
        0.9819303750991821,
        0.9722344875335693,
        0.9823710918426514
    ],
    "val_loss": [
        0.4756295084953308,
        0.2220948338508606,
        0.14966633915901184,
        0.11869540810585022,
        0.16859781742095947,
        0.0591457225382328,
        0.07759974896907806,
        0.06620512157678604
    ]
}