{
    "accuracy": [
        0.3315194845199585,
        0.6100606918334961,
        0.7295905351638794,
        0.7970285415649414,
        0.833254337310791,
        0.8584901094436646,
        0.8745242357254028,
        0.8864772319793701,
        0.8940586447715759,
        0.903978705406189,
        0.9090075492858887,
        0.9157024025917053,
        0.9214649200439453,
        0.9242162704467773,
        0.9290616512298584,
        0.9326383471488953
    ],
    "loss": [
        2.4544341564178467,
        1.2918397188186646,
        0.9058800935745239,
        0.6796846389770508,
        0.5546923875808716,
        0.4761373996734619,
        0.42315375804901123,
        0.3808295726776123,
        0.35267964005470276,
        0.32287299633026123,
        0.3008127808570862,
        0.28077104687690735,
        0.26088133454322815,
        0.24643468856811523,
        0.23084701597690582,
        0.2174321562051773
    ],
    "val_accuracy": [
        0.5368003249168396,
        0.68532395362854,
        0.7633318901062012,
        0.8029969334602356,
        0.8572058081626892,
        0.8699867725372314,
        0.8558836579322815,
        0.8783605098724365,
        0.90171879529953,
        0.8973115682601929,
        0.9105332493782043,
        0.9330101609230042,
        0.9228734970092773,
        0.9272807240486145,
        0.9114147424697876,
        0.9149404764175415
    ],
    "val_loss": [
        1.5821760892868042,
        1.092082142829895,
        0.779374361038208,
        0.6457662582397461,
        0.4960421025753021,
        0.4397503137588501,
        0.45284318923950195,
        0.4163525402545929,
        0.3484031856060028,
        0.3504147529602051,
        0.30223217606544495,
        0.255919873714447,
        0.2598150670528412,
        0.25217610597610474,
        0.2722035050392151,
        0.2688591480255127
    ]
}