{
    "accuracy": [
        0.4802745282649994,
        0.7705852389335632,
        0.8596518039703369,
        0.90264892578125,
        0.927823543548584,
        0.9412286281585693,
        0.9522950649261475,
        0.9591122269630432,
        0.9644008874893188,
        0.9691698551177979,
        0.9719976186752319,
        0.9755896329879761,
        0.9776989817619324,
        0.9793956279754639,
        0.9811686873435974,
        0.9837518930435181
    ],
    "loss": [
        1.8948063850402832,
        0.7419257164001465,
        0.4570852816104889,
        0.3149850368499756,
        0.23235909640789032,
        0.1834971159696579,
        0.15021567046642303,
        0.12565326690673828,
        0.1080217957496643,
        0.09213978052139282,
        0.08304891735315323,
        0.07382099330425262,
        0.06704510003328323,
        0.0618474967777729,
        0.0570778027176857,
        0.05051695555448532
    ],
    "val_accuracy": [
        0.6809167265892029,
        0.8294402956962585,
        0.8942265510559082,
        0.9074482321739197,
        0.9347730278968811,
        0.9109740257263184,
        0.9541648030281067,
        0.9607756733894348,
        0.9673864841461182,
        0.9762009978294373,
        0.9731159210205078,
        0.9757602214813232,
        0.9779638648033142,
        0.9863376021385193,
        0.9836932420730591,
        0.9709122776985168
    ],
    "val_loss": [
        1.0099211931228638,
        0.5785859227180481,
        0.39117732644081116,
        0.2897114157676697,
        0.22024817764759064,
        0.28220295906066895,
        0.1498546600341797,
        0.14206326007843018,
        0.11333739012479782,
        0.08566105365753174,
        0.09789745509624481,
        0.0766206681728363,
        0.07732024788856506,
        0.05027870833873749,
        0.05888183042407036,
        0.10105735808610916
    ]
}