{
    "accuracy": [
        0.6379866600036621,
        0.9007382988929749,
        0.9444079399108887,
        0.9624902606010437,
        0.9739541411399841,
        0.9800681471824646,
        0.9837366342544556,
        0.9867478013038635,
        0.9888571500778198,
        0.9904162287712097,
        0.9917919039726257,
        0.9923726916313171,
        0.9929535388946533,
        0.992219865322113,
        0.9961634278297424,
        0.9928007125854492,
        0.996300995349884
    ],
    "loss": [
        1.3923894166946411,
        0.3430860936641693,
        0.19039802253246307,
        0.12462978810071945,
        0.08733983337879181,
        0.06505676358938217,
        0.05344182997941971,
        0.04357738792896271,
        0.03718307986855507,
        0.032364655286073685,
        0.027220232412219048,
        0.026330765336751938,
        0.024033883586525917,
        0.025086941197514534,
        0.013108202256262302,
        0.023541081696748734,
        0.013332596980035305
    ],
    "val_accuracy": [
        0.8611723184585571,
        0.9153812527656555,
        0.9603349566459656,
        0.9559277296066284,
        0.9792860150337219,
        0.9828118085861206,
        0.9788452982902527,
        0.98589688539505,
        0.9823710918426514,
        0.98589688539505,
        0.9863376021385193,
        0.9964742064476013,
        0.9951520562171936,
        0.998237133026123,
        0.9986778497695923,
        0.9955927729606628,
        0.9995592832565308
    ],
    "val_loss": [
        0.510494589805603,
        0.3040868043899536,
        0.14808569848537445,
        0.13200658559799194,
        0.079184390604496,
        0.06804979592561722,
        0.07132265716791153,
        0.052068594843149185,
        0.06711144745349884,
        0.0487266406416893,
        0.056864578276872635,
        0.028407756239175797,
        0.023512057960033417,
        0.01954379864037037,
        0.016798628494143486,
        0.027753207832574844,
        0.017170773819088936
    ]
}