{
    "accuracy": [
        0.6253458261489868,
        0.8875777721405029,
        0.9332191944122314,
        0.9535943269729614,
        0.9678553342819214,
        0.9743209481239319,
        0.9769958853721619,
        0.9817647933959961,
        0.983675479888916,
        0.9874814748764038,
        0.9860446453094482,
        0.988444447517395
    ],
    "loss": [
        1.465584635734558,
        0.3857625722885132,
        0.2263755202293396,
        0.15366287529468536,
        0.10834427177906036,
        0.08304371684789658,
        0.0742408037185669,
        0.057421449571847916,
        0.05064376816153526,
        0.0401093028485775,
        0.043283987790346146,
        0.03643516078591347
    ],
    "val_accuracy": [
        0.8329660892486572,
        0.9184662699699402,
        0.9378581047058105,
        0.9568091630935669,
        0.9722344875335693,
        0.9863376021385193,
        0.9841339588165283,
        0.9881004691123962,
        0.9828118085861206,
        0.9929484128952026,
        0.9867783188819885,
        0.9881004691123962
    ],
    "val_loss": [
        0.580799400806427,
        0.284782350063324,
        0.2178279608488083,
        0.14091289043426514,
        0.09861806035041809,
        0.061546579003334045,
        0.06321178376674652,
        0.050970520824193954,
        0.05439970642328262,
        0.03794141113758087,
        0.045966986566782,
        0.040817707777023315
    ]
}