{
    "accuracy": [
        0.5777173042297363,
        0.8567934632301331,
        0.902343213558197,
        0.9280222654342651,
        0.9426348805427551,
        0.9508888125419617,
        0.9600293636322021,
        0.9671522378921509,
        0.9692004323005676,
        0.9742445349693298,
        0.975467324256897,
        0.9792580604553223,
        0.9812451004981995,
        0.9816578030586243,
        0.984669029712677,
        0.9853721261024475
    ],
    "loss": [
        1.7206852436065674,
        0.5207221508026123,
        0.3435903489589691,
        0.25065261125564575,
        0.19659392535686493,
        0.16262589395046234,
        0.13284361362457275,
        0.11008632183074951,
        0.0997655987739563,
        0.084339939057827,
        0.07792005687952042,
        0.0674876868724823,
        0.060468219220638275,
        0.05774685740470886,
        0.049252916127443314,
        0.047126490622758865
    ],
    "val_accuracy": [
        0.8109299540519714,
        0.8611723184585571,
        0.9105332493782043,
        0.9268400073051453,
        0.9396209716796875,
        0.9576905965805054,
        0.951079785823822,
        0.9709122776985168,
        0.9717937707901001,
        0.9757602214813232,
        0.9748787879943848,
        0.9797267317771912,
        0.9766417145729065,
        0.9881004691123962,
        0.9850154519081116,
        0.9806082248687744
    ],
    "val_loss": [
        0.7120540142059326,
        0.491513729095459,
        0.3307347297668457,
        0.26098066568374634,
        0.2150459885597229,
        0.1544518768787384,
        0.16678282618522644,
        0.11126483976840973,
        0.10719269514083862,
        0.08665265142917633,
        0.09410347044467926,
        0.06965028494596481,
        0.08266491442918777,
        0.050505876541137695,
        0.0535409152507782,
        0.06343211233615875
    ]
}