{
    "accuracy": [
        0.7192883491516113,
        0.9402656555175781,
        0.9643703103065491,
        0.9761245846748352,
        0.978600800037384,
        0.9813826680183411,
        0.9861516356468201,
        0.9856472611427307,
        0.9885361194610596
    ],
    "loss": [
        1.0613876581192017,
        0.19620385766029358,
        0.11300741136074066,
        0.07391216605901718,
        0.06535886973142624,
        0.05850647762417793,
        0.044978126883506775,
        0.0445479154586792,
        0.03555433452129364
    ],
    "val_accuracy": [
        0.9237549304962158,
        0.9422653317451477,
        0.9572498798370361,
        0.9726752042770386,
        0.9819303750991821,
        0.98589688539505,
        0.9964742064476013,
        0.962979257106781,
        0.9951520562171936
    ],
    "val_loss": [
        0.2896188199520111,
        0.1763833910226822,
        0.12293057143688202,
        0.10455117374658585,
        0.06055707484483719,
        0.04452678561210632,
        0.014719206839799881,
        0.10807624459266663,
        0.021390540525317192
    ]
}