{
    "accuracy": [
        0.676581621170044,
        0.9084725379943848,
        0.9419776201248169,
        0.9581645727157593,
        0.9657613039016724,
        0.9708359241485596,
        0.9730064272880554,
        0.9773168563842773,
        0.9804502725601196,
        0.9819482564926147,
        0.9822539687156677
    ],
    "loss": [
        1.1917577981948853,
        0.28205570578575134,
        0.17262889444828033,
        0.12599359452724457,
        0.10055384784936905,
        0.08876123279333115,
        0.08054675161838531,
        0.06733251363039017,
        0.0586814247071743,
        0.055028460919857025,
        0.054535675793886185
    ],
    "val_accuracy": [
        0.8739532828330994,
        0.9360951781272888,
        0.9656236171722412,
        0.9695901274681091,
        0.9722344875335693,
        0.9660643339157104,
        0.9784045815467834,
        0.9836932420730591,
        0.9894226789474487,
        0.9814896583557129,
        0.9863376021385193
    ],
    "val_loss": [
        0.41311314702033997,
        0.2078908085823059,
        0.1105758547782898,
        0.09653143584728241,
        0.0812733918428421,
        0.11446390300989151,
        0.06851818412542343,
        0.061778537929058075,
        0.038254767656326294,
        0.06943608820438385,
        0.05575133115053177
    ]
}