{
    "accuracy": [
        0.6641395092010498,
        0.9207159280776978,
        0.9552298188209534,
        0.9698729515075684,
        0.9759411811828613,
        0.9811992645263672,
        0.9825291037559509,
        0.987374484539032,
        0.9876343011856079
    ],
    "loss": [
        1.2788771390914917,
        0.2742157280445099,
        0.1471557468175888,
        0.0976639986038208,
        0.07595739513635635,
        0.059666965156793594,
        0.05534832179546356,
        0.04107333719730377,
        0.039612822234630585
    ],
    "val_accuracy": [
        0.8761569261550903,
        0.9197884798049927,
        0.9678272604942322,
        0.9731159210205078,
        0.9810489416122437,
        0.9784045815467834,
        0.9916262626647949,
        0.9484354257583618,
        0.9916262626647949
    ],
    "val_loss": [
        0.4396810233592987,
        0.2586601972579956,
        0.1108403429389,
        0.09389711916446686,
        0.0680050253868103,
        0.06648439913988113,
        0.03690045699477196,
        0.1685045212507248,
        0.043176110833883286
    ]
}