{
    "accuracy": [
        0.6256821155548096,
        0.889411985874176,
        0.9426653981208801,
        0.9662198424339294,
        0.9774085283279419,
        0.9845314621925354,
        0.9886125922203064,
        0.9915931820869446,
        0.9930758476257324,
        0.9951087832450867,
        0.9952921867370605,
        0.996224582195282,
        0.9964843988418579,
        0.9957660436630249
    ],
    "loss": [
        1.6365727186203003,
        0.4534786343574524,
        0.24631141126155853,
        0.15534135699272156,
        0.10578303039073944,
        0.07472216337919235,
        0.0553211010992527,
        0.041448455303907394,
        0.03338325396180153,
        0.02590831369161606,
        0.022875435650348663,
        0.019280359148979187,
        0.016245044767856598,
        0.017629947513341904
    ],
    "val_accuracy": [
        0.8232701420783997,
        0.9149404764175415,
        0.9572498798370361,
        0.9687086939811707,
        0.9784045815467834,
        0.9854561686515808,
        0.9828118085861206,
        0.9903041124343872,
        0.9951520562171936,
        0.9920669794082642,
        0.9964742064476013,
        0.997796356678009,
        0.9911855459213257,
        0.9955927729606628
    ],
    "val_loss": [
        0.6858524680137634,
        0.35388705134391785,
        0.1919013261795044,
        0.14243443310260773,
        0.1059008315205574,
        0.07731959223747253,
        0.069059818983078,
        0.04792119935154915,
        0.029265843331813812,
        0.039562538266181946,
        0.027288522571325302,
        0.018181342631578445,
        0.04300307855010033,
        0.025923535227775574
    ]
}