{
    "accuracy": [
        0.7019397020339966,
        0.9283738136291504,
        0.9588829874992371,
        0.9713403582572937,
        0.9765984416007996,
        0.9813979864120483,
        0.9834614992141724,
        0.984745442867279,
        0.9862281084060669,
        0.9885514378547668
    ],
    "loss": [
        1.1456719636917114,
        0.2408396601676941,
        0.13174104690551758,
        0.08952147513628006,
        0.07267992198467255,
        0.05868346989154816,
        0.05114134028553963,
        0.04722242429852486,
        0.043425485491752625,
        0.034392327070236206
    ],
    "val_accuracy": [
        0.8920229077339172,
        0.916262686252594,
        0.9598942399024963,
        0.9748787879943848,
        0.9784045815467834,
        0.9757602214813232,
        0.9903041124343872,
        0.9920669794082642,
        0.9695901274681091,
        0.9823710918426514
    ],
    "val_loss": [
        0.376693457365036,
        0.23873378336429596,
        0.13789790868759155,
        0.0809413492679596,
        0.07620333135128021,
        0.08593778312206268,
        0.03848288953304291,
        0.028178595006465912,
        0.09153825044631958,
        0.06325306743383408
    ]
}