{
    "accuracy": [
        0.7267627716064453,
        0.9298259019851685,
        0.9573697447776794,
        0.965898871421814,
        0.9740152359008789,
        0.9764150381088257,
        0.9816578030586243
    ],
    "loss": [
        0.9611082077026367,
        0.2099578082561493,
        0.12732936441898346,
        0.1027422696352005,
        0.07745564728975296,
        0.07117708027362823,
        0.05693443864583969
    ],
    "val_accuracy": [
        0.8677831888198853,
        0.9065667986869812,
        0.9620978236198425,
        0.9731159210205078,
        0.9881004691123962,
        0.987659752368927,
        0.9713529944419861
    ],
    "val_loss": [
        0.3966148793697357,
        0.2960870862007141,
        0.11234362423419952,
        0.08826945722103119,
        0.04001748189330101,
        0.041542742401361465,
        0.10209915041923523
    ]
}