{
    "accuracy": [
        0.5331611037254333,
        0.8275988698005676,
        0.8893966674804688,
        0.9227641820907593,
        0.94381183385849,
        0.9569723010063171,
        0.9671063423156738,
        0.9728688597679138,
        0.9788911938667297,
        0.981994092464447,
        0.9850358366966248,
        0.9872674942016602,
        0.9889947175979614,
        0.9899729490280151,
        0.9919141530990601,
        0.9926784038543701,
        0.993855357170105,
        0.9942986369132996,
        0.9950323104858398,
        0.9953838586807251,
        0.9959494471549988,
        0.9962092638015747
    ],
    "loss": [
        2.0366477966308594,
        0.7226594090461731,
        0.4566798508167267,
        0.32211557030677795,
        0.23866532742977142,
        0.18587429821491241,
        0.1479029804468155,
        0.12190722674131393,
        0.10002787411212921,
        0.08461262285709381,
        0.07234274595975876,
        0.06144849956035614,
        0.05369415134191513,
        0.04798939451575279,
        0.04104061797261238,
        0.03702820464968681,
        0.03165138512849808,
        0.028932888060808182,
        0.025991393253207207,
        0.02369367517530918,
        0.0214451402425766,
        0.019263196736574173
    ],
    "val_accuracy": [
        0.75848388671875,
        0.8541207313537598,
        0.9078889489173889,
        0.9330101609230042,
        0.9550462961196899,
        0.9638607501983643,
        0.973556637763977,
        0.9779638648033142,
        0.9731159210205078,
        0.9814896583557129,
        0.9836932420730591,
        0.9867783188819885,
        0.9836932420730591,
        0.9894226789474487,
        0.9872190356254578,
        0.989863395690918,
        0.9916262626647949,
        0.9872190356254578,
        0.9960334897041321,
        0.9951520562171936,
        0.9951520562171936,
        0.9955927729606628
    ],
    "val_loss": [
        0.9992130398750305,
        0.5982621908187866,
        0.40076830983161926,
        0.30590593814849854,
        0.21661227941513062,
        0.17334651947021484,
        0.14467990398406982,
        0.1170797124505043,
        0.11090314388275146,
        0.08791054785251617,
        0.07688494771718979,
        0.0625530332326889,
        0.05771350860595703,
        0.05511749908328056,
        0.05260179936885834,
        0.04335954785346985,
        0.03992927819490433,
        0.05069778487086296,
        0.028388062492012978,
        0.026462215930223465,
        0.0283853430300951,
        0.02651139535009861
    ]
}