{
    "accuracy": [
        0.6677468419075012,
        0.8837411999702454,
        0.9271510243415833,
        0.9459364414215088,
        0.955061674118042,
        0.9646301865577698,
        0.9696437120437622,
        0.9736331105232239
    ],
    "loss": [
        1.2423182725906372,
        0.3559439182281494,
        0.22129006683826447,
        0.16231119632720947,
        0.13297246396541595,
        0.1039317399263382,
        0.09065216034650803,
        0.07714138925075531
    ],
    "val_accuracy": [
        0.8708682060241699,
        0.9061260223388672,
        0.9167034029960632,
        0.9153812527656555,
        0.9374173879623413,
        0.9832525253295898,
        0.9616571068763733,
        0.9643014669418335
    ],
    "val_loss": [
        0.44043079018592834,
        0.2873334586620331,
        0.2565351724624634,
        0.23840947449207306,
        0.17625263333320618,
        0.0650363340973854,
        0.12005861103534698,
        0.12410226464271545
    ]
}