{
    "accuracy": [
        0.7112483382225037,
        0.9256836175918579,
        0.9540987014770508,
        0.9616342782974243,
        0.9730828404426575,
        0.9756966233253479,
        0.9784326553344727
    ],
    "loss": [
        1.0355477333068848,
        0.2211308777332306,
        0.13709956407546997,
        0.11494184285402298,
        0.0798090323805809,
        0.0738409012556076,
        0.06752840429544449
    ],
    "val_accuracy": [
        0.9109740257263184,
        0.9096518158912659,
        0.9665050506591797,
        0.977523148059845,
        0.9823710918426514,
        0.9806082248687744,
        0.9748787879943848
    ],
    "val_loss": [
        0.3138004541397095,
        0.2668907046318054,
        0.0982651337981224,
        0.0775572881102562,
        0.053768690675497055,
        0.06134596839547157,
        0.08747466653585434
    ]
}