{
    "accuracy": [
        0.6548308730125427,
        0.9065007567405701,
        0.955825924873352,
        0.9751921892166138,
        0.9854027032852173,
        0.9894379377365112,
        0.9924950003623962,
        0.9938706755638123,
        0.9936261177062988,
        0.9957660436630249,
        0.9960564374923706
    ],
    "loss": [
        1.4844528436660767,
        0.38105523586273193,
        0.19049108028411865,
        0.11139098554849625,
        0.07042651623487473,
        0.05031049996614456,
        0.03578726574778557,
        0.028131773695349693,
        0.025886982679367065,
        0.018855324015021324,
        0.016680872067809105
    ],
    "val_accuracy": [
        0.828118085861206,
        0.9347730278968811,
        0.9497575759887695,
        0.9757602214813232,
        0.98589688539505,
        0.9894226789474487,
        0.9916262626647949,
        0.9955927729606628,
        0.9969149231910706,
        0.9960334897041321,
        0.9942706227302551
    ],
    "val_loss": [
        0.6287844777107239,
        0.28733500838279724,
        0.1936226338148117,
        0.1028677374124527,
        0.07061899453401566,
        0.04986133426427841,
        0.035938411951065063,
        0.021603278815746307,
        0.0176126416772604,
        0.018858972936868668,
        0.022010402753949165
    ]
}