{
    "accuracy": [
        0.6169084310531616,
        0.8846888542175293,
        0.9389817118644714,
        0.9637283682823181,
        0.9763997197151184,
        0.9839964509010315,
        0.9882763028144836,
        0.9911804795265198,
        0.9935802221298218,
        0.994161069393158,
        0.9957201480865479,
        0.9951851963996887,
        0.9965149760246277,
        0.9973098039627075,
        0.9970040917396545,
        0.9961175918579102,
        0.9980129599571228
    ],
    "loss": [
        1.6794549226760864,
        0.47847434878349304,
        0.2659089267253876,
        0.16506710648536682,
        0.11121849715709686,
        0.07904239743947983,
        0.05789974704384804,
        0.04391442984342575,
        0.03392418846487999,
        0.028545228764414787,
        0.022331498563289642,
        0.021223509684205055,
        0.01667863316833973,
        0.013664239086210728,
        0.01364882756024599,
        0.015248317271471024,
        0.00973995216190815
    ],
    "val_accuracy": [
        0.8378140330314636,
        0.9114147424697876,
        0.9559277296066284,
        0.9607756733894348,
        0.9713529944419861,
        0.98589688539505,
        0.9903041124343872,
        0.9889819025993347,
        0.9964742064476013,
        0.9964742064476013,
        0.9955927729606628,
        0.9969149231910706,
        0.9955927729606628,
        0.9960334897041321,
        0.9973556399345398,
        0.9973556399345398,
        0.9933891296386719
    ],
    "val_loss": [
        0.7127230167388916,
        0.3677300214767456,
        0.22013534605503082,
        0.16699965298175812,
        0.11572381108999252,
        0.08041269332170486,
        0.05634676665067673,
        0.05351138487458229,
        0.03131363168358803,
        0.02509932778775692,
        0.026171158999204636,
        0.019020557403564453,
        0.022899677976965904,
        0.018869731575250626,
        0.015417106449604034,
        0.017224038019776344,
        0.03153413534164429
    ]
}