{
    "accuracy": [
        0.516668438911438,
        0.7644100785255432,
        0.859086275100708,
        0.900585412979126,
        0.9201809763908386,
        0.934350311756134,
        0.9435213804244995,
        0.956055223941803,
        0.960594892501831,
        0.9658835530281067,
        0.9682680368423462,
        0.9710346460342407,
        0.9748406410217285,
        0.9754062294960022,
        0.9798847436904907,
        0.9772098660469055
    ],
    "loss": [
        1.7969038486480713,
        0.7678365111351013,
        0.4539235830307007,
        0.31226488947868347,
        0.24272462725639343,
        0.19761095941066742,
        0.16562190651893616,
        0.13283929228782654,
        0.11701355129480362,
        0.10154087841510773,
        0.09424043446779251,
        0.08507122099399567,
        0.07530200481414795,
        0.07491143047809601,
        0.06293507665395737,
        0.06630011647939682
    ],
    "val_accuracy": [
        0.6919347643852234,
        0.8118113875389099,
        0.8620537519454956,
        0.9136183261871338,
        0.9118554592132568,
        0.9382988214492798,
        0.9413838982582092,
        0.9497575759887695,
        0.9660643339157104,
        0.962979257106781,
        0.961216390132904,
        0.9779638648033142,
        0.9766417145729065,
        0.9828118085861206,
        0.9784045815467834,
        0.9828118085861206
    ],
    "val_loss": [
        1.0171678066253662,
        0.6112151145935059,
        0.429536908864975,
        0.2741349935531616,
        0.27143701910972595,
        0.19148749113082886,
        0.19151228666305542,
        0.13997510075569153,
        0.12350186705589294,
        0.1247888132929802,
        0.10437208414077759,
        0.07949073612689972,
        0.08392322063446045,
        0.054779842495918274,
        0.0754072517156601,
        0.0558043047785759
    ]
}