{
    "accuracy": [
        0.5255032777786255,
        0.8215459585189819,
        0.8878375887870789,
        0.9231615662574768,
        0.9457530379295349,
        0.957843542098999,
        0.9669229388237,
        0.9737401008605957,
        0.9780046939849854,
        0.9822998046875,
        0.985051155090332,
        0.9872369170188904,
        0.9894838333129883,
        0.9910581707954407,
        0.9918224215507507,
        0.9931828379631042,
        0.9940235018730164,
        0.9944667816162109,
        0.9953838586807251,
        0.995995283126831,
        0.9960106015205383,
        0.9967289566993713,
        0.9970040917396545,
        0.9970499873161316,
        0.9974015355110168,
        0.9972792267799377,
        0.9981046319007874,
        0.9977378249168396
    ],
    "loss": [
        2.061201810836792,
        0.736836850643158,
        0.4610656499862671,
        0.3221744894981384,
        0.23733285069465637,
        0.18375536799430847,
        0.14750061929225922,
        0.11986923217773438,
        0.10003311187028885,
        0.0841602012515068,
        0.07152628898620605,
        0.061915185302495956,
        0.05298330634832382,
        0.04609385505318642,
        0.04052678495645523,
        0.035717327147722244,
        0.031982529908418655,
        0.028391774743795395,
        0.025259103626012802,
        0.022450219839811325,
        0.020621946081519127,
        0.0186215341091156,
        0.01703696884214878,
        0.016530169174075127,
        0.014622543007135391,
        0.013958143070340157,
        0.011851126328110695,
        0.012309015728533268
    ],
    "val_accuracy": [
        0.7633318901062012,
        0.8660202622413635,
        0.9074482321739197,
        0.926399290561676,
        0.952842652797699,
        0.9603349566459656,
        0.9665050506591797,
        0.9739973545074463,
        0.9784045815467834,
        0.9850154519081116,
        0.9810489416122437,
        0.98589688539505,
        0.9881004691123962,
        0.9916262626647949,
        0.9925076961517334,
        0.9911855459213257,
        0.9938299059867859,
        0.9894226789474487,
        0.9969149231910706,
        0.9969149231910706,
        0.9933891296386719,
        0.9960334897041321,
        0.9955927729606628,
        0.9969149231910706,
        0.997796356678009,
        0.9973556399345398,
        0.997796356678009,
        0.9964742064476013
    ],
    "val_loss": [
        1.0176429748535156,
        0.5865758657455444,
        0.40253642201423645,
        0.3075289726257324,
        0.2309492826461792,
        0.19031479954719543,
        0.15213848650455475,
        0.12097074836492538,
        0.09767776727676392,
        0.08312490582466125,
        0.07580272853374481,
        0.06873763352632523,
        0.057316139340400696,
        0.049669407308101654,
        0.04391225799918175,
        0.042338255792856216,
        0.0384199284017086,
        0.044474512338638306,
        0.030031325295567513,
        0.028528131544589996,
        0.03688741847872734,
        0.02374785952270031,
        0.025929581373929977,
        0.020603442564606667,
        0.020019156858325005,
        0.019926629960536957,
        0.020983034744858742,
        0.02066890336573124
    ]
}