{
    "accuracy": [
        0.730446457862854,
        0.9473273754119873,
        0.9747183918952942,
        0.9810311198234558,
        0.9870840311050415,
        0.9887195825576782,
        0.9916084408760071
    ],
    "loss": [
        1.053673505783081,
        0.17974087595939636,
        0.08699019998311996,
        0.06280840188264847,
        0.04448029771447182,
        0.037707630544900894,
        0.027847232297062874
    ],
    "val_accuracy": [
        0.905685305595398,
        0.9709122776985168,
        0.9911855459213257,
        0.987659752368927,
        0.9916262626647949,
        0.9854561686515808,
        0.975319504737854
    ],
    "val_loss": [
        0.30154088139533997,
        0.1092718094587326,
        0.042489346116781235,
        0.04675581306219101,
        0.030521435663104057,
        0.03961004689335823,
        0.06889428943395615
    ]
}