{
    "accuracy": [
        0.6457973718643188,
        0.912874698638916,
        0.9538694620132446,
        0.9685279130935669,
        0.9774391055107117,
        0.982223391532898,
        0.984317421913147
    ],
    "loss": [
        1.313352346420288,
        0.275901734828949,
        0.14231528341770172,
        0.09788866341114044,
        0.07070998102426529,
        0.05554785951972008,
        0.049629341810941696
    ],
    "val_accuracy": [
        0.8453062772750854,
        0.9325693845748901,
        0.973556637763977,
        0.948876142501831,
        0.9841339588165283,
        0.9841339588165283,
        0.9801674485206604
    ],
    "val_loss": [
        0.4788475036621094,
        0.20486736297607422,
        0.0912175327539444,
        0.14932972192764282,
        0.042019832879304886,
        0.06568678468465805,
        0.07088979333639145
    ]
}