{
    "accuracy": [
        0.5548048615455627,
        0.8438622355461121,
        0.9044983983039856,
        0.9380034804344177,
        0.9546489715576172,
        0.9673203825950623,
        0.9736636877059937,
        0.9790135025978088,
        0.9838742017745972,
        0.9834920167922974,
        0.9854332804679871
    ],
    "loss": [
        1.640400767326355,
        0.4991696774959564,
        0.2994856834411621,
        0.19664150476455688,
        0.13829904794692993,
        0.09981413930654526,
        0.0815967246890068,
        0.06348976492881775,
        0.05232531204819679,
        0.05169229954481125,
        0.046372510492801666
    ],
    "val_accuracy": [
        0.7487879991531372,
        0.8642573952674866,
        0.9171441197395325,
        0.9449096322059631,
        0.9603349566459656,
        0.9717937707901001,
        0.9616571068763733,
        0.9779638648033142,
        0.9925076961517334,
        0.9836932420730591,
        0.9889819025993347
    ],
    "val_loss": [
        0.7732830047607422,
        0.3887532353401184,
        0.24877160787582397,
        0.167710080742836,
        0.1145671010017395,
        0.08214312791824341,
        0.1135021522641182,
        0.07412444055080414,
        0.025883562862873077,
        0.05088076367974281,
        0.03531871736049652
    ]
}