{
    "accuracy": [
        0.2970973551273346,
        0.6001100540161133,
        0.7020466923713684,
        0.7482842206954956,
        0.7786864042282104,
        0.8013848066329956,
        0.8190391659736633,
        0.835623562335968,
        0.8484324812889099,
        0.8634883761405945,
        0.8747841119766235,
        0.8809592723846436
    ],
    "loss": [
        2.622762441635132,
        1.295953392982483,
        0.9507260322570801,
        0.7931140065193176,
        0.6902920603752136,
        0.6091293096542358,
        0.5513814091682434,
        0.4967595934867859,
        0.4557386040687561,
        0.41193637251853943,
        0.3759361803531647,
        0.35482528805732727
    ],
    "val_accuracy": [
        0.5156456828117371,
        0.6822388768196106,
        0.748347282409668,
        0.7800793051719666,
        0.8109299540519714,
        0.8215072751045227,
        0.8501542806625366,
        0.8483913540840149,
        0.8497135043144226,
        0.8598501682281494,
        0.865138828754425,
        0.8616130352020264
    ],
    "val_loss": [
        1.5747706890106201,
        1.0251339673995972,
        0.8454288840293884,
        0.708097517490387,
        0.5975610017776489,
        0.5551103353500366,
        0.4990956783294678,
        0.47619548439979553,
        0.43646106123924255,
        0.4167921543121338,
        0.4229000210762024,
        0.4246591329574585
    ]
}