{
    "accuracy": [
        0.15655045211315155,
        0.3291044533252716,
        0.40534675121307373,
        0.4569188058376312,
        0.49422985315322876,
        0.5276432037353516,
        0.5534750819206238,
        0.5818901658058167,
        0.6049401760101318,
        0.6268590688705444,
        0.6481971144676208,
        0.6656374931335449,
        0.6828944087028503,
        0.6920043230056763,
        0.7064641118049622,
        0.7179432511329651,
        0.72564697265625,
        0.7341607809066772,
        0.7440044283866882,
        0.7496446371078491,
        0.757684588432312,
        0.761689305305481,
        0.7716246843338013,
        0.7750638127326965,
        0.7825841307640076,
        0.7856563925743103,
        0.7896764278411865,
        0.7968757152557373
    ],
    "loss": [
        3.2845993041992188,
        2.252887487411499,
        1.9740914106369019,
        1.8004494905471802,
        1.6717987060546875,
        1.5570162534713745,
        1.4536645412445068,
        1.3684135675430298,
        1.2860738039016724,
        1.2166208028793335,
        1.150530457496643,
        1.0909457206726074,
        1.0375735759735107,
        0.9962038993835449,
        0.9537033438682556,
        0.9189713001251221,
        0.8925601840019226,
        0.8669483661651611,
        0.8335960507392883,
        0.8120779991149902,
        0.7886317372322083,
        0.7703896164894104,
        0.7490919828414917,
        0.7294247150421143,
        0.7115193009376526,
        0.6939794421195984,
        0.6813119649887085,
        0.6595956683158875
    ],
    "val_accuracy": [
        0.2613486051559448,
        0.37020713090896606,
        0.4235346019268036,
        0.4750991761684418,
        0.5094755291938782,
        0.54208904504776,
        0.5707359910011292,
        0.6095196008682251,
        0.6174526214599609,
        0.648303210735321,
        0.6703393459320068,
        0.676950216293335,
        0.6809167265892029,
        0.6989863514900208,
        0.724107563495636,
        0.7329220175743103,
        0.7408549785614014,
        0.7289555072784424,
        0.7452622056007385,
        0.7457029819488525,
        0.746584415435791,
        0.7492287158966064,
        0.7549581527709961,
        0.7620096802711487,
        0.7734684944152832,
        0.7752313613891602,
        0.7717055678367615,
        0.7681798338890076
    ],
    "val_loss": [
        2.5189645290374756,
        2.1142678260803223,
        1.89888334274292,
        1.7450809478759766,
        1.6122080087661743,
        1.5010907649993896,
        1.390651822090149,
        1.3097567558288574,
        1.2377581596374512,
        1.1552413702011108,
        1.097350001335144,
        1.050107479095459,
        1.0239238739013672,
        0.9576423168182373,
        0.9016632437705994,
        0.8784798383712769,
        0.8731430768966675,
        0.8450759649276733,
        0.8187358975410461,
        0.8466521501541138,
        0.8033130168914795,
        0.8081387281417847,
        0.7633075714111328,
        0.7297744750976562,
        0.7474005222320557,
        0.6913142800331116,
        0.7285016179084778,
        0.7427700161933899
    ]
}