{
    "accuracy": [
        0.5577090382575989,
        0.8499610424041748,
        0.9078916907310486,
        0.9417788982391357,
        0.9582257270812988,
        0.9687724709510803,
        0.9764761924743652,
        0.978830099105835,
        0.9820094108581543,
        0.9884902834892273,
        0.9881693124771118
    ],
    "loss": [
        1.6797189712524414,
        0.4807131290435791,
        0.2923503518104553,
        0.18500252068042755,
        0.13066743314266205,
        0.09849785268306732,
        0.07328978180885315,
        0.0656772330403328,
        0.0574132539331913,
        0.03753950819373131,
        0.037115417420864105
    ],
    "val_accuracy": [
        0.8069634437561035,
        0.8810048699378967,
        0.9193477034568787,
        0.9400616884231567,
        0.9620978236198425,
        0.9669457674026489,
        0.9726752042770386,
        0.9757602214813232,
        0.9942706227302551,
        0.9814896583557129,
        0.9916262626647949
    ],
    "val_loss": [
        0.6330130696296692,
        0.40143802762031555,
        0.25036635994911194,
        0.2009376734495163,
        0.1308353692293167,
        0.10798341780900955,
        0.07277127355337143,
        0.07848798483610153,
        0.02787156216800213,
        0.054084278643131256,
        0.03112116828560829
    ]
}