{
    "accuracy": [
        0.6088531613349915,
        0.8811121582984924,
        0.9304831624031067,
        0.9549088478088379,
        0.9685125946998596,
        0.9745808243751526,
        0.979594349861145
    ],
    "loss": [
        1.4842127561569214,
        0.386017769575119,
        0.22032113373279572,
        0.14506590366363525,
        0.10010204464197159,
        0.07916240394115448,
        0.06555450707674026
    ],
    "val_accuracy": [
        0.8131335377693176,
        0.8973115682601929,
        0.9554870128631592,
        0.9462318420410156,
        0.9779638648033142,
        0.9673864841461182,
        0.9620978236198425
    ],
    "val_loss": [
        0.5956568121910095,
        0.31586670875549316,
        0.14590053260326385,
        0.14851170778274536,
        0.0718381404876709,
        0.09853161871433258,
        0.12533241510391235
    ]
}