{
    "accuracy": [
        0.7196704745292664,
        0.9466548562049866,
        0.9672744870185852,
        0.9800223112106323,
        0.9851428270339966,
        0.9842410087585449,
        0.9889182448387146
    ],
    "loss": [
        1.048588752746582,
        0.16349448263645172,
        0.09979166090488434,
        0.06189868599176407,
        0.04909597337245941,
        0.05166752636432648,
        0.035184621810913086
    ],
    "val_accuracy": [
        0.9065667986869812,
        0.977523148059845,
        0.9911855459213257,
        0.9391802549362183,
        0.9925076961517334,
        0.9894226789474487,
        0.9863376021385193
    ],
    "val_loss": [
        0.28140151500701904,
        0.06870628148317337,
        0.03776989504694939,
        0.18291594088077545,
        0.021728791296482086,
        0.0444568507373333,
        0.0376870259642601
    ]
}