{
    "accuracy": [
        0.6890237331390381,
        0.9412592053413391,
        0.9680082201957703,
        0.9780199527740479,
        0.9832627773284912
    ],
    "loss": [
        1.1375539302825928,
        0.1783134788274765,
        0.0972430408000946,
        0.06894078850746155,
        0.05266623944044113
    ],
    "val_accuracy": [
        0.9215513467788696,
        0.9449096322059631,
        0.989863395690918,
        0.9814896583557129,
        0.9537240862846375
    ],
    "val_loss": [
        0.25924959778785706,
        0.18422946333885193,
        0.03920828551054001,
        0.060307588428258896,
        0.15590624511241913
    ]
}