{
    "accuracy": [
        0.7673754096031189,
        0.9651651382446289,
        0.9803432822227478,
        0.9852498173713684,
        0.9878024458885193
    ],
    "loss": [
        0.8969724178314209,
        0.11168074607849121,
        0.06304481625556946,
        0.049237363040447235,
        0.040512725710868835
    ],
    "val_accuracy": [
        0.9369766712188721,
        0.9841339588165283,
        0.9929484128952026,
        0.9801674485206604,
        0.9797267317771912
    ],
    "val_loss": [
        0.20368264615535736,
        0.05083046853542328,
        0.024352218955755234,
        0.06302034109830856,
        0.05894264578819275
    ]
}