{
    "accuracy": [
        0.7095211148262024,
        0.9518059492111206,
        0.9743667840957642,
        0.9817801117897034,
        0.9878636002540588,
        0.9867783784866333,
        0.9917001724243164,
        0.9913638830184937,
        0.9921281337738037,
        0.9945890307426453,
        0.9934273958206177,
        0.9969429969787598
    ],
    "loss": [
        1.1110957860946655,
        0.1523257941007614,
        0.08011381328105927,
        0.05919034034013748,
        0.03961288556456566,
        0.04222441464662552,
        0.027902746573090553,
        0.02884669601917267,
        0.024553831666707993,
        0.019599193707108498,
        0.02189847268164158,
        0.011462531052529812
    ],
    "val_accuracy": [
        0.9347730278968811,
        0.963420033454895,
        0.9792860150337219,
        0.9797267317771912,
        0.9885411858558655,
        0.9907448291778564,
        0.9801674485206604,
        0.9951520562171936,
        0.9854561686515808,
        0.9986778497695923,
        0.9960334897041321,
        0.9955927729606628
    ],
    "val_loss": [
        0.2178521603345871,
        0.11505147069692612,
        0.0663752406835556,
        0.06648828089237213,
        0.03915734216570854,
        0.027905166149139404,
        0.07031480967998505,
        0.018149949610233307,
        0.04790806025266647,
        0.007269291672855616,
        0.015946073457598686,
        0.015097256749868393
    ]
}