{
    "accuracy": [
        0.6492976546287537,
        0.912110447883606,
        0.94998699426651,
        0.9678553342819214,
        0.97653728723526,
        0.9813674092292786,
        0.9834461808204651,
        0.9875120520591736,
        0.988444447517395,
        0.9923115968704224
    ],
    "loss": [
        1.3449212312698364,
        0.2926364839076996,
        0.16478487849235535,
        0.10425833612680435,
        0.07787836343050003,
        0.06129220500588417,
        0.05403325706720352,
        0.040988463908433914,
        0.039016272872686386,
        0.02622196450829506
    ],
    "val_accuracy": [
        0.8342882394790649,
        0.9193477034568787,
        0.9665050506591797,
        0.9744380712509155,
        0.9903041124343872,
        0.98589688539505,
        0.9894226789474487,
        0.9947113394737244,
        0.9836932420730591,
        0.9762009978294373
    ],
    "val_loss": [
        0.526217520236969,
        0.2559291124343872,
        0.10976400226354599,
        0.0908832997083664,
        0.04078861325979233,
        0.04394051805138588,
        0.034143295139074326,
        0.024255435913801193,
        0.05228037014603615,
        0.07348445802927017
    ]
}