{
    "accuracy": [
        0.769591748714447,
        0.9692615866661072,
        0.9836907386779785,
        0.9896366596221924,
        0.9889947175979614,
        0.993213415145874
    ],
    "loss": [
        0.9045403003692627,
        0.10653923451900482,
        0.05533463507890701,
        0.03548367694020271,
        0.03796224296092987,
        0.02320590242743492
    ],
    "val_accuracy": [
        0.9665050506591797,
        0.9801674485206604,
        0.989863395690918,
        0.9955927729606628,
        0.9881004691123962,
        0.9911855459213257
    ],
    "val_loss": [
        0.13705052435398102,
        0.0738011822104454,
        0.03462173044681549,
        0.013126793317496777,
        0.04128638282418251,
        0.032356634736061096
    ]
}