{
    "accuracy": [
        0.48608288168907166,
        0.7419867515563965,
        0.8130015730857849,
        0.8612720370292664,
        0.8895037174224854,
        0.9123396873474121,
        0.9254390597343445,
        0.9363832473754883,
        0.9468382596969604,
        0.9537471532821655,
        0.9583173990249634,
        0.9634226560592651,
        0.9681610465049744,
        0.9727771282196045,
        0.9725631475448608,
        0.9767360091209412,
        0.9786313772201538
    ],
    "loss": [
        1.921267032623291,
        0.8436537384986877,
        0.5992762446403503,
        0.4471627473831177,
        0.34999004006385803,
        0.27698856592178345,
        0.22858083248138428,
        0.1940610259771347,
        0.16426435112953186,
        0.14255204796791077,
        0.1233959048986435,
        0.11159779876470566,
        0.09588123112916946,
        0.08518452197313309,
        0.08117737621068954,
        0.0707978680729866,
        0.06681007146835327
    ],
    "val_accuracy": [
        0.6923754811286926,
        0.7743499279022217,
        0.8523578643798828,
        0.8704274892807007,
        0.9219920635223389,
        0.9312472343444824,
        0.9255178570747375,
        0.9316879510879517,
        0.9559277296066284,
        0.9568091630935669,
        0.9541648030281067,
        0.9607756733894348,
        0.9682679772377014,
        0.975319504737854,
        0.9806082248687744,
        0.9184662699699402,
        0.975319504737854
    ],
    "val_loss": [
        1.0154366493225098,
        0.7596703767776489,
        0.4934037923812866,
        0.40564531087875366,
        0.28398585319519043,
        0.2387877106666565,
        0.231387659907341,
        0.22502422332763672,
        0.14963054656982422,
        0.1405283659696579,
        0.14448590576648712,
        0.12921026349067688,
        0.09350466728210449,
        0.09418722987174988,
        0.06482458859682083,
        0.2524782121181488,
        0.08148501068353653
    ]
}