{
    "accuracy": [
        0.03037158213555813,
        0.06407532840967178,
        0.08811885863542557,
        0.09985785186290741,
        0.11118414252996445,
        0.1198202446103096,
        0.1303517073392868,
        0.13883496820926666,
        0.14733350276947021,
        0.15389083325862885,
        0.15980617702007294,
        0.1659049540758133,
        0.17143817245960236,
        0.1771089732646942,
        0.1805175542831421,
        0.19306665658950806,
        0.20038823783397675,
        0.20572276413440704,
        0.2112865447998047,
        0.21834829449653625,
        0.22106903791427612,
        0.22898675501346588,
        0.23181450366973877,
        0.23733243346214294,
        0.24083273112773895,
        0.24421074986457825,
        0.2494688481092453,
        0.25151705741882324
    ],
    "loss": [
        4.394008159637451,
        3.972902536392212,
        3.781419038772583,
        3.6492438316345215,
        3.5546953678131104,
        3.4770922660827637,
        3.403000831604004,
        3.3373804092407227,
        3.268690347671509,
        3.21737003326416,
        3.1662652492523193,
        3.1179111003875732,
        3.080780267715454,
        3.0395829677581787,
        2.99191951751709,
        2.9377834796905518,
        2.899425983428955,
        2.8589560985565186,
        2.8323543071746826,
        2.7923054695129395,
        2.7663512229919434,
        2.739659309387207,
        2.710817813873291,
        2.6948750019073486,
        2.6725704669952393,
        2.656376361846924,
        2.6340067386627197,
        2.6200454235076904
    ],
    "val_accuracy": [
        0.049801673740148544,
        0.09387395530939102,
        0.10180696099996567,
        0.10180696099996567,
        0.11106213927268982,
        0.1145879253745079,
        0.12340237945318222,
        0.1489643007516861,
        0.1414720118045807,
        0.1577787548303604,
        0.16527104377746582,
        0.16703394055366516,
        0.17937417328357697,
        0.16659320890903473,
        0.1895107924938202,
        0.18422211706638336,
        0.20052886009216309,
        0.22961656749248505,
        0.2313794642686844,
        0.20890259742736816,
        0.24063463509082794,
        0.23446452617645264,
        0.23931246995925903,
        0.2560599446296692,
        0.24283824861049652,
        0.2767738997936249,
        0.26399293541908264,
        0.22476862370967865
    ],
    "val_loss": [
        4.0746283531188965,
        3.837531566619873,
        3.697723150253296,
        3.5650463104248047,
        3.492147207260132,
        3.410686492919922,
        3.3667304515838623,
        3.282984972000122,
        3.2199513912200928,
        3.1760263442993164,
        3.148646116256714,
        3.075016975402832,
        3.0271201133728027,
        3.045506238937378,
        2.9616634845733643,
        2.9019815921783447,
        2.8531739711761475,
        2.814223289489746,
        2.7700366973876953,
        2.8319473266601562,
        2.7349588871002197,
        2.703906774520874,
        2.688192129135132,
        2.624662399291992,
        2.6262450218200684,
        2.5887510776519775,
        2.5932669639587402,
        2.744804620742798
    ]
}