{
    "accuracy": [
        0.6482123732566833,
        0.8957858681678772,
        0.9430016875267029,
        0.963911771774292,
        0.9751157760620117,
        0.9816578030586243,
        0.9854791164398193,
        0.9898353815078735,
        0.9898812174797058,
        0.9921281337738037,
        0.9925714135169983,
        0.992831289768219,
        0.9944514632225037,
        0.9943903684616089
    ],
    "loss": [
        1.4732316732406616,
        0.41057413816452026,
        0.2296212613582611,
        0.14779317378997803,
        0.10266436636447906,
        0.075486920773983,
        0.06005094200372696,
        0.044378556311130524,
        0.04030570015311241,
        0.032698191702365875,
        0.028611503541469574,
        0.028029661625623703,
        0.022604795172810555,
        0.022164439782500267
    ],
    "val_accuracy": [
        0.8563243746757507,
        0.928162157535553,
        0.9484354257583618,
        0.9647421836853027,
        0.975319504737854,
        0.9806082248687744,
        0.9801674485206604,
        0.9907448291778564,
        0.9867783188819885,
        0.9942706227302551,
        0.9964742064476013,
        0.9964742064476013,
        0.9925076961517334,
        0.9929484128952026
    ],
    "val_loss": [
        0.5823087096214294,
        0.2984149754047394,
        0.20085668563842773,
        0.13749557733535767,
        0.10065198689699173,
        0.0784829631447792,
        0.0671609565615654,
        0.04281961917877197,
        0.04628307372331619,
        0.040803536772727966,
        0.0195551086217165,
        0.01706993393599987,
        0.028198959305882454,
        0.025503037497401237
    ]
}