{
    "accuracy": [
        0.4055607318878174,
        0.6216009855270386,
        0.6726074814796448,
        0.696345329284668,
        0.7143664956092834,
        0.7281689643859863,
        0.7369579672813416,
        0.7512342929840088,
        0.7627286911010742,
        0.7690414786338806,
        0.7742231488227844,
        0.7803372144699097,
        0.7880561947822571
    ],
    "loss": [
        2.2014212608337402,
        1.2108391523361206,
        1.0190635919570923,
        0.9172660112380981,
        0.8518979549407959,
        0.7989131808280945,
        0.7635601162910461,
        0.7246825098991394,
        0.6945865154266357,
        0.6718377470970154,
        0.6540457606315613,
        0.6318705081939697,
        0.6108487844467163
    ],
    "val_accuracy": [
        0.5694138407707214,
        0.6500661373138428,
        0.688849687576294,
        0.7020713686943054,
        0.7139708995819092,
        0.734244167804718,
        0.7333627343177795,
        0.7474658489227295,
        0.7637726068496704,
        0.7642133235931396,
        0.7849273085594177,
        0.7805200815200806,
        0.7672983407974243
    ],
    "val_loss": [
        1.3900346755981445,
        1.0958774089813232,
        0.9773688316345215,
        0.891607403755188,
        0.8209500908851624,
        0.802763819694519,
        0.7782484889030457,
        0.7385202050209045,
        0.6695741415023804,
        0.6961630582809448,
        0.6116376519203186,
        0.6395382285118103,
        0.6580997705459595
    ]
}