{
    "accuracy": [
        0.5086437463760376,
        0.8060926795005798,
        0.8777494430541992,
        0.9092826843261719,
        0.9270440340042114,
        0.9399293661117554,
        0.9508429765701294,
        0.9532274603843689,
        0.9599834680557251,
        0.9633462429046631,
        0.9660669565200806,
        0.9695519804954529,
        0.9735414385795593,
        0.9722421765327454,
        0.9735719561576843,
        0.9763844609260559
    ],
    "loss": [
        1.769229769706726,
        0.6297216415405273,
        0.38057994842529297,
        0.27884620428085327,
        0.22365398705005646,
        0.18095967173576355,
        0.14658911526203156,
        0.139547199010849,
        0.12017333507537842,
        0.10713913291692734,
        0.09931012243032455,
        0.08830368518829346,
        0.07772297412157059,
        0.0824001282453537,
        0.07959596812725067,
        0.06904342025518417
    ],
    "val_accuracy": [
        0.7188188433647156,
        0.8532392978668213,
        0.8827677369117737,
        0.9092110991477966,
        0.9144997596740723,
        0.9427060484886169,
        0.9369766712188721,
        0.9479947090148926,
        0.9590128064155579,
        0.9638607501983643,
        0.9717937707901001,
        0.9819303750991821,
        0.9413838982582092,
        0.9823710918426514,
        0.9506390690803528,
        0.9722344875335693
    ],
    "val_loss": [
        0.859779417514801,
        0.45446503162384033,
        0.35780468583106995,
        0.2657422423362732,
        0.24626405537128448,
        0.174404114484787,
        0.1708727329969406,
        0.15014563500881195,
        0.10761723667383194,
        0.09897100925445557,
        0.08796828240156174,
        0.06489823013544083,
        0.16894981265068054,
        0.0443614237010479,
        0.14767324924468994,
        0.07420015335083008
    ]
}