{
    "accuracy": [
        0.697721004486084,
        0.9320269823074341,
        0.9583632946014404,
        0.9693074226379395,
        0.9736942648887634,
        0.9795637726783752,
        0.9790593385696411,
        0.9833850264549255,
        0.9846231341362,
        0.9853721261024475,
        0.9861363768577576
    ],
    "loss": [
        1.138932228088379,
        0.2236965447664261,
        0.12913089990615845,
        0.09675681591033936,
        0.08123765140771866,
        0.06021859496831894,
        0.06153358519077301,
        0.052455637603998184,
        0.0493675097823143,
        0.04630208760499954,
        0.044353798031806946
    ],
    "val_accuracy": [
        0.8743939995765686,
        0.940502405166626,
        0.9665050506591797,
        0.9731159210205078,
        0.973556637763977,
        0.9819303750991821,
        0.9471132755279541,
        0.9784045815467834,
        0.998237133026123,
        0.9889819025993347,
        0.9916262626647949
    ],
    "val_loss": [
        0.3752680718898773,
        0.18684111535549164,
        0.09666019678115845,
        0.07511285692453384,
        0.09514079988002777,
        0.05992094799876213,
        0.16726963222026825,
        0.05343662574887276,
        0.009273745119571686,
        0.046532414853572845,
        0.03153274208307266
    ]
}