{
    "accuracy": [
        0.7186157703399658,
        0.9271968603134155,
        0.9478318095207214,
        0.9615272879600525
    ],
    "loss": [
        1.0211036205291748,
        0.2215300351381302,
        0.15329377353191376,
        0.11077962815761566
    ],
    "val_accuracy": [
        0.8620537519454956,
        0.9462318420410156,
        0.9418246150016785,
        0.9484354257583618
    ],
    "val_loss": [
        0.39713117480278015,
        0.1479080319404602,
        0.1502419114112854,
        0.16181305050849915
    ]
}