{
    "accuracy": [
        0.7341148853302002,
        0.9373462200164795,
        0.9607324600219727,
        0.969062864780426,
        0.9723491668701172,
        0.9765678644180298,
        0.9803280234336853,
        0.979900062084198
    ],
    "loss": [
        0.9557735323905945,
        0.18530091643333435,
        0.11811649799346924,
        0.09121856093406677,
        0.08451496809720993,
        0.07196669280529022,
        0.06101901829242706,
        0.06411542743444443
    ],
    "val_accuracy": [
        0.9167034029960632,
        0.9713529944419861,
        0.977523148059845,
        0.961216390132904,
        0.9779638648033142,
        0.9933891296386719,
        0.977523148059845,
        0.9854561686515808
    ],
    "val_loss": [
        0.2609323263168335,
        0.08863615244626999,
        0.0639743059873581,
        0.0979611724615097,
        0.062266405671834946,
        0.021215850487351418,
        0.06342384219169617,
        0.04961269721388817
    ]
}