{
    "accuracy": [
        0.1150359958410263,
        0.29379576444625854,
        0.3447411358356476,
        0.38173118233680725,
        0.40167832374572754,
        0.4239028990268707,
        0.4408082664012909,
        0.45661312341690063,
        0.47147026658058167,
        0.4822157323360443,
        0.4936337471008301,
        0.502407431602478,
        0.5113492012023926,
        0.5214068293571472,
        0.528223991394043,
        0.5376091003417969,
        0.541843056678772,
        0.54905766248703,
        0.5550647377967834,
        0.559848964214325,
        0.5675985217094421,
        0.5707014203071594,
        0.5749048590660095
    ],
    "loss": [
        3.6291229724884033,
        2.334138870239258,
        2.14969801902771,
        2.044780969619751,
        1.9715839624404907,
        1.9107036590576172,
        1.8596779108047485,
        1.8169351816177368,
        1.778823733329773,
        1.742775559425354,
        1.7105774879455566,
        1.6810879707336426,
        1.6524306535720825,
        1.625834345817566,
        1.6005593538284302,
        1.5770636796951294,
        1.5557177066802979,
        1.5363026857376099,
        1.5167958736419678,
        1.4973982572555542,
        1.4801803827285767,
        1.4635868072509766,
        1.4476649761199951
    ],
    "val_accuracy": [
        0.2736888527870178,
        0.3115909993648529,
        0.3693256974220276,
        0.37373292446136475,
        0.440722793340683,
        0.4332304894924164,
        0.4640810787677765,
        0.4790656566619873,
        0.4473336338996887,
        0.4940502345561981,
        0.5200529098510742,
        0.5068312287330627,
        0.4962538480758667,
        0.5293080806732178,
        0.5306302309036255,
        0.5478184223175049,
        0.5486998558044434,
        0.5504627823829651,
        0.5451740622520447,
        0.5575143098831177,
        0.5641251802444458,
        0.5680916905403137,
        0.568532407283783
    ],
    "val_loss": [
        2.531707525253296,
        2.23244309425354,
        2.1187705993652344,
        2.013479232788086,
        1.9579874277114868,
        1.9031490087509155,
        1.8472824096679688,
        1.8000096082687378,
        1.7804609537124634,
        1.7457932233810425,
        1.7095694541931152,
        1.6677799224853516,
        1.6656339168548584,
        1.6330047845840454,
        1.5949345827102661,
        1.6007591485977173,
        1.5727219581604004,
        1.5247552394866943,
        1.5245881080627441,
        1.4967421293258667,
        1.4705235958099365,
        1.490639090538025,
        1.4711322784423828
    ]
}