{
    "accuracy": [
        0.7432096004486084,
        0.9460587501525879,
        0.9676566123962402,
        0.974137544631958,
        0.9809088706970215,
        0.9835531711578369
    ],
    "loss": [
        0.9561024308204651,
        0.17000286281108856,
        0.09974470734596252,
        0.0801301896572113,
        0.058028094470500946,
        0.05127269774675369
    ],
    "val_accuracy": [
        0.905685305595398,
        0.9576905965805054,
        0.9836932420730591,
        0.9863376021385193,
        0.962979257106781,
        0.9546055793762207
    ],
    "val_loss": [
        0.2924130856990814,
        0.13032503426074982,
        0.05778327211737633,
        0.0427573099732399,
        0.11449239403009415,
        0.14808981120586395
    ]
}