{
    "accuracy": [
        0.6835057735443115,
        0.9155954122543335,
        0.947281539440155,
        0.9597236514091492,
        0.9641410708427429,
        0.9706830978393555,
        0.9741528034210205,
        0.9785702228546143,
        0.9787995219230652
    ],
    "loss": [
        1.1591076850891113,
        0.2565521001815796,
        0.15827587246894836,
        0.12019523233175278,
        0.10454253852367401,
        0.08790817111730576,
        0.077928327023983,
        0.06531654298305511,
        0.06536445021629333
    ],
    "val_accuracy": [
        0.8620537519454956,
        0.9563684463500977,
        0.9709122776985168,
        0.9656236171722412,
        0.9832525253295898,
        0.9541648030281067,
        0.9814896583557129,
        0.9770824313163757,
        0.9792860150337219
    ],
    "val_loss": [
        0.4098062813282013,
        0.15178777277469635,
        0.0937035009264946,
        0.10093249380588531,
        0.05442824214696884,
        0.13153678178787231,
        0.04774238169193268,
        0.06388377398252487,
        0.06468219310045242
    ]
}