{
    "accuracy": [
        0.7279091477394104,
        0.9392721056938171,
        0.9639576077461243,
        0.969750702381134,
        0.9772098660469055,
        0.9788759350776672,
        0.9833086133003235,
        0.9808935523033142,
        0.984363317489624,
        0.9853415489196777
    ],
    "loss": [
        1.0242723226547241,
        0.19230560958385468,
        0.11175694316625595,
        0.09122558683156967,
        0.06794258207082748,
        0.06631315499544144,
        0.05181148648262024,
        0.06206449121236801,
        0.048584457486867905,
        0.04632255807518959
    ],
    "val_accuracy": [
        0.9321286678314209,
        0.938739538192749,
        0.9638607501983643,
        0.9638607501983643,
        0.9466725587844849,
        0.9722344875335693,
        0.9620978236198425,
        0.9951520562171936,
        0.9938299059867859,
        0.9784045815467834
    ],
    "val_loss": [
        0.23577472567558289,
        0.17834123969078064,
        0.11109824478626251,
        0.10263197124004364,
        0.13774950802326202,
        0.08001019805669785,
        0.12388341128826141,
        0.017231469973921776,
        0.023633452132344246,
        0.06242910027503967
    ]
}