{
    "accuracy": [
        0.2404811829328537,
        0.45295995473861694,
        0.5176466703414917,
        0.55790776014328,
        0.5839841961860657,
        0.608868420124054,
        0.6294422745704651,
        0.6477997303009033,
        0.6617703437805176,
        0.6779420375823975,
        0.6928908824920654,
        0.7047215700149536,
        0.720190167427063,
        0.7303394675254822,
        0.7395258545875549,
        0.7486052513122559,
        0.7541995644569397,
        0.7608028054237366,
        0.7671308517456055,
        0.7717775106430054,
        0.7769286036491394,
        0.7814835906028748,
        0.7862831354141235,
        0.7885758876800537,
        0.79300856590271,
        0.7956987619400024,
        0.8014612793922424,
        0.8029133677482605
    ],
    "loss": [
        2.940373659133911,
        1.840512752532959,
        1.5962809324264526,
        1.463503122329712,
        1.3689528703689575,
        1.2936714887619019,
        1.2240062952041626,
        1.1600760221481323,
        1.1056979894638062,
        1.055944561958313,
        1.0102912187576294,
        0.9704629182815552,
        0.9325612783432007,
        0.9003586173057556,
        0.8689683675765991,
        0.8401188254356384,
        0.8169342875480652,
        0.7933604121208191,
        0.7713335156440735,
        0.7539703845977783,
        0.7381163835525513,
        0.7199391722679138,
        0.7060309052467346,
        0.6915333271026611,
        0.6805535554885864,
        0.6678810119628906,
        0.6566544771194458,
        0.6473099589347839
    ],
    "val_accuracy": [
        0.36051124334335327,
        0.4900837242603302,
        0.5526663661003113,
        0.5835169553756714,
        0.6152490377426147,
        0.6289114356040955,
        0.6386073231697083,
        0.6668135523796082,
        0.6663728356361389,
        0.6910533308982849,
        0.6976641416549683,
        0.7122080326080322,
        0.7139708995819092,
        0.7276332974433899,
        0.7655354738235474,
        0.7615689635276794,
        0.7434993386268616,
        0.7448214888572693,
        0.7756720781326294,
        0.756721019744873,
        0.7827236652374268,
        0.7981489896774292,
        0.8016747236251831,
        0.7888937592506409,
        0.7999118566513062,
        0.807844877243042,
        0.807844877243042,
        0.8047598004341125
    ],
    "val_loss": [
        2.087503671646118,
        1.7016375064849854,
        1.5384347438812256,
        1.4259765148162842,
        1.3384885787963867,
        1.2365258932113647,
        1.1976852416992188,
        1.1355451345443726,
        1.0796160697937012,
        1.0386950969696045,
        0.9967982769012451,
        0.9456480741500854,
        0.9371361136436462,
        0.8978375792503357,
        0.8385279178619385,
        0.810050368309021,
        0.8341169357299805,
        0.8004347085952759,
        0.7451077103614807,
        0.7745118141174316,
        0.7314385175704956,
        0.6958722472190857,
        0.6960833072662354,
        0.6909263134002686,
        0.6966972947120667,
        0.6516433954238892,
        0.6606602668762207,
        0.6578269600868225
    ]
}