{
    "accuracy": [
        0.7364993691444397,
        0.9361997842788696,
        0.961129903793335,
        0.967305064201355
    ],
    "loss": [
        0.9443392157554626,
        0.1901460886001587,
        0.11595860868692398,
        0.09864328056573868
    ],
    "val_accuracy": [
        0.9294843673706055,
        0.9739973545074463,
        0.9678272604942322,
        0.963420033454895
    ],
    "val_loss": [
        0.2010263204574585,
        0.07069941610097885,
        0.08843781799077988,
        0.09788788110017776
    ]
}