{
    "accuracy": [
        0.5336961150169373,
        0.8232426047325134,
        0.8813261389732361,
        0.9126606583595276,
        0.9325466752052307,
        0.9465784430503845,
        0.9545572400093079,
        0.9622457027435303,
        0.9679317474365234,
        0.9718600511550903,
        0.9760175943374634,
        0.9775919914245605,
        0.9802516102790833,
        0.9807865619659424,
        0.9830640554428101,
        0.9851581454277039,
        0.9863503575325012,
        0.987374484539032,
        0.9893615245819092,
        0.9890711307525635,
        0.9899576306343079,
        0.9910887479782104
    ],
    "loss": [
        1.9171628952026367,
        0.6885768175125122,
        0.4501067101955414,
        0.3286980092525482,
        0.2551916241645813,
        0.204769104719162,
        0.1732872873544693,
        0.14602358639240265,
        0.12516066431999207,
        0.11023059487342834,
        0.09644743800163269,
        0.08657751977443695,
        0.07758843898773193,
        0.07266800850629807,
        0.06504520028829575,
        0.058473680168390274,
        0.053982771933078766,
        0.0507136695086956,
        0.04446004331111908,
        0.042917750775814056,
        0.04083934426307678,
        0.03652974218130112
    ],
    "val_accuracy": [
        0.7523137927055359,
        0.8673424124717712,
        0.8981930613517761,
        0.9228734970092773,
        0.9479947090148926,
        0.9466725587844849,
        0.965182900428772,
        0.9519612193107605,
        0.9643014669418335,
        0.9739973545074463,
        0.9797267317771912,
        0.9726752042770386,
        0.9828118085861206,
        0.9836932420730591,
        0.9845746755599976,
        0.9854561686515808,
        0.987659752368927,
        0.9832525253295898,
        0.989863395690918,
        0.9920669794082642,
        0.98589688539505,
        0.9819303750991821
    ],
    "val_loss": [
        0.9442815780639648,
        0.5541268587112427,
        0.39209604263305664,
        0.29666808247566223,
        0.24218973517417908,
        0.21475575864315033,
        0.15538305044174194,
        0.16871462762355804,
        0.13999414443969727,
        0.11864598095417023,
        0.09257006645202637,
        0.10854650288820267,
        0.08230086416006088,
        0.08312511444091797,
        0.07170464098453522,
        0.07050930708646774,
        0.0630810409784317,
        0.06381412595510483,
        0.048164039850234985,
        0.04754524305462837,
        0.0556257888674736,
        0.07282762974500656
    ]
}