{
    "accuracy": [
        0.6699020266532898,
        0.9216636419296265,
        0.9583785533905029,
        0.9689558744430542,
        0.9747948050498962,
        0.9804197549819946,
        0.9825291037559509,
        0.9815967082977295
    ],
    "loss": [
        1.2668793201446533,
        0.26394742727279663,
        0.13688096404075623,
        0.0978517159819603,
        0.07480510324239731,
        0.059312839061021805,
        0.05351700633764267,
        0.05593987554311752
    ],
    "val_accuracy": [
        0.8924636244773865,
        0.9444689154624939,
        0.9568091630935669,
        0.9607756733894348,
        0.9757602214813232,
        0.9894226789474487,
        0.9806082248687744,
        0.9814896583557129
    ],
    "val_loss": [
        0.37957343459129333,
        0.1908014863729477,
        0.1270427405834198,
        0.10776690393686295,
        0.06513001024723053,
        0.03508594259619713,
        0.050927627831697464,
        0.04996936023235321
    ]
}