{
    "accuracy": [
        0.6386591792106628,
        0.8990874886512756,
        0.9465325474739075,
        0.9660211205482483,
        0.9756966233253479,
        0.9815049767494202,
        0.9847301244735718,
        0.9890252947807312,
        0.9912416338920593,
        0.992479681968689,
        0.9927548170089722,
        0.9932286739349365
    ],
    "loss": [
        1.4987815618515015,
        0.4010053873062134,
        0.21695247292518616,
        0.14028722047805786,
        0.09833148121833801,
        0.0737922266125679,
        0.05884162336587906,
        0.044364217668771744,
        0.03675338253378868,
        0.030676458030939102,
        0.028043871745467186,
        0.024922402575612068
    ],
    "val_accuracy": [
        0.8554429411888123,
        0.9343323111534119,
        0.9682679772377014,
        0.973556637763977,
        0.9828118085861206,
        0.9863376021385193,
        0.9854561686515808,
        0.9907448291778564,
        0.9925076961517334,
        0.9938299059867859,
        0.9863376021385193,
        0.989863395690918
    ],
    "val_loss": [
        0.5670627355575562,
        0.28336769342422485,
        0.1662982553243637,
        0.11816360801458359,
        0.08335790038108826,
        0.06149020418524742,
        0.06138692796230316,
        0.04824763163924217,
        0.034586869180202484,
        0.031512074172496796,
        0.04146946966648102,
        0.04129902273416519
    ]
}