{
    "accuracy": [
        0.8203384280204773,
        0.9796554446220398,
        0.987145185470581,
        0.9922351241111755,
        0.9923268556594849,
        0.9915626049041748
    ],
    "loss": [
        0.7129940390586853,
        0.06447003781795502,
        0.04405216500163078,
        0.027291370555758476,
        0.02703818678855896,
        0.02948223613202572
    ],
    "val_accuracy": [
        0.9700308442115784,
        0.928602933883667,
        0.9836932420730591,
        0.998237133026123,
        0.9907448291778564,
        0.9951520562171936
    ],
    "val_loss": [
        0.10144375264644623,
        0.22087527811527252,
        0.05647360533475876,
        0.008517761714756489,
        0.02407461404800415,
        0.01539583783596754
    ]
}