{
    "accuracy": [
        0.5635632872581482,
        0.8768323063850403,
        0.9273650050163269,
        0.9473885297775269,
        0.9619094133377075,
        0.97001051902771,
        0.9762927293777466,
        0.9793344736099243,
        0.9823456406593323
    ],
    "loss": [
        1.6712435483932495,
        0.4151187539100647,
        0.23753416538238525,
        0.16752037405967712,
        0.11806974560022354,
        0.09542571753263474,
        0.07592625170946121,
        0.06474942713975906,
        0.05905919522047043
    ],
    "val_accuracy": [
        0.7761128544807434,
        0.90171879529953,
        0.926399290561676,
        0.9620978236198425,
        0.9687086939811707,
        0.9854561686515808,
        0.9863376021385193,
        0.9841339588165283,
        0.9779638648033142
    ],
    "val_loss": [
        0.7229899168014526,
        0.3249427378177643,
        0.22231054306030273,
        0.11168748885393143,
        0.09837929159402847,
        0.04932287707924843,
        0.04439890384674072,
        0.05144331604242325,
        0.06742832064628601
    ]
}