{
    "accuracy": [
        0.1338672935962677,
        0.24601440131664276,
        0.29452943801879883,
        0.33339956402778625,
        0.37048134207725525,
        0.39871299266815186,
        0.43412867188453674,
        0.4698500633239746,
        0.5015514492988586,
        0.5268636345863342,
        0.5534597635269165,
        0.573208212852478,
        0.590449869632721,
        0.6069731116294861,
        0.6217079758644104,
        0.6366262435913086,
        0.6508567333221436,
        0.6604252457618713,
        0.6703147292137146,
        0.681732714176178,
        0.6896657347679138,
        0.6977056860923767,
        0.7084817290306091,
        0.7193341851234436,
        0.728428840637207,
        0.7343747615814209,
        0.7469086050987244,
        0.7484065294265747,
        0.7559421062469482,
        0.7600690722465515
    ],
    "loss": [
        3.3390285968780518,
        2.5426034927368164,
        2.3017303943634033,
        2.1231484413146973,
        1.9796059131622314,
        1.8653064966201782,
        1.7501482963562012,
        1.6510189771652222,
        1.5548051595687866,
        1.4756355285644531,
        1.3960916996002197,
        1.3320605754852295,
        1.276160478591919,
        1.2210313081741333,
        1.1693106889724731,
        1.128854751586914,
        1.0844935178756714,
        1.0488024950027466,
        1.0192242860794067,
        0.9850388765335083,
        0.9555885791778564,
        0.9289430975914001,
        0.9041630625724792,
        0.8785713315010071,
        0.8492969274520874,
        0.8329935073852539,
        0.7996110320091248,
        0.7922734618186951,
        0.7666592597961426,
        0.7551547884941101
    ],
    "val_accuracy": [
        0.2476862072944641,
        0.28999558091163635,
        0.3314235210418701,
        0.3561040163040161,
        0.3746143579483032,
        0.4297047257423401,
        0.4473336338996887,
        0.5138827562332153,
        0.5482591390609741,
        0.5390039682388306,
        0.5412075519561768,
        0.5733803510665894,
        0.5636844635009766,
        0.6324371695518494,
        0.6328779458999634,
        0.613486111164093,
        0.6416923999786377,
        0.6628470420837402,
        0.6822388768196106,
        0.6826795935630798,
        0.6549140810966492,
        0.7144116163253784,
        0.7130894660949707,
        0.7139708995819092,
        0.723666787147522,
        0.7426179051399231,
        0.7496694326400757,
        0.75848388671875,
        0.7214632034301758,
        0.7408549785614014
    ],
    "val_loss": [
        2.625365734100342,
        2.3920915126800537,
        2.1492083072662354,
        2.0249128341674805,
        1.9574083089828491,
        1.777327537536621,
        1.6542699337005615,
        1.543661117553711,
        1.472979187965393,
        1.4168891906738281,
        1.4052045345306396,
        1.3004400730133057,
        1.2915682792663574,
        1.142490029335022,
        1.141085147857666,
        1.1162314414978027,
        1.0865113735198975,
        1.033868432044983,
        0.9793676733970642,
        0.977688193321228,
        1.0444636344909668,
        0.880899965763092,
        0.8664257526397705,
        0.8593759536743164,
        0.8381655812263489,
        0.788404107093811,
        0.7653844356536865,
        0.7323110103607178,
        0.8312941789627075,
        0.7452567219734192
    ]
}