{
    "accuracy": [
        0.3525824248790741,
        0.604221761226654,
        0.6757409572601318,
        0.7266404628753662,
        0.7594271302223206,
        0.7844641804695129,
        0.8066123723983765,
        0.8232731819152832,
        0.8323372602462769,
        0.8461397290229797,
        0.8537517189979553,
        0.86457359790802,
        0.86724853515625,
        0.8779175281524658
    ],
    "loss": [
        2.393155097961426,
        1.2719759941101074,
        1.0099928379058838,
        0.8482971787452698,
        0.7528094053268433,
        0.6770517230033875,
        0.6119317412376404,
        0.5642464756965637,
        0.5264885425567627,
        0.4873047173023224,
        0.46161261200904846,
        0.4294603765010834,
        0.41609156131744385,
        0.38607025146484375
    ],
    "val_accuracy": [
        0.5306302309036255,
        0.652269721031189,
        0.7210224866867065,
        0.7739092111587524,
        0.7611282467842102,
        0.8113706707954407,
        0.8342882394790649,
        0.8206258416175842,
        0.8237108588218689,
        0.8497135043144226,
        0.8616130352020264,
        0.8699867725372314,
        0.832084596157074,
        0.881445586681366
    ],
    "val_loss": [
        1.5361446142196655,
        1.112401008605957,
        0.930443286895752,
        0.7515568733215332,
        0.7615463733673096,
        0.6238511204719543,
        0.5499487519264221,
        0.540164589881897,
        0.532724916934967,
        0.4630766212940216,
        0.4457346498966217,
        0.3957969844341278,
        0.5015137195587158,
        0.39788803458213806
    ]
}