{
    "accuracy": [
        0.023646118119359016,
        0.03903825953602791,
        0.06126285716891289,
        0.1774299591779709,
        0.2394876480102539,
        0.2753160297870636,
        0.310273140668869,
        0.3289974331855774,
        0.34267765283584595,
        0.35768765211105347,
        0.3699616491794586,
        0.3756476938724518,
        0.38847193121910095,
        0.39658835530281067,
        0.40210628509521484,
        0.4156795144081116,
        0.4220992624759674,
        0.4309340715408325
    ],
    "loss": [
        4.437898635864258,
        4.143691539764404,
        3.821840524673462,
        2.872811794281006,
        2.5483486652374268,
        2.375652551651001,
        2.2494587898254395,
        2.1577115058898926,
        2.0851025581359863,
        2.0213663578033447,
        1.9667739868164062,
        1.9251601696014404,
        1.8827357292175293,
        1.8473970890045166,
        1.8175500631332397,
        1.7798429727554321,
        1.7538771629333496,
        1.7227354049682617
    ],
    "val_accuracy": [
        0.030850594863295555,
        0.03349493071436882,
        0.1132657527923584,
        0.214191272854805,
        0.26443368196487427,
        0.30057293176651,
        0.3089466691017151,
        0.3384751081466675,
        0.35742616653442383,
        0.38607317209243774,
        0.34905245900154114,
        0.37769943475723267,
        0.361833393573761,
        0.4041427969932556,
        0.39224326610565186,
        0.4226531386375427,
        0.4023799002170563,
        0.39576905965805054
    ],
    "val_loss": [
        4.234607219696045,
        4.065405368804932,
        3.1922404766082764,
        2.709188222885132,
        2.4587154388427734,
        2.324904203414917,
        2.213353395462036,
        2.1380422115325928,
        2.07949161529541,
        2.0150294303894043,
        1.961273193359375,
        1.939118504524231,
        1.88706374168396,
        1.8709734678268433,
        1.815089464187622,
        1.7725043296813965,
        1.7865397930145264,
        1.797248363494873
    ]
}