{
    "accuracy": [
        0.5461840629577637,
        0.8481879234313965,
        0.9061033725738525,
        0.9318894147872925,
        0.9532580375671387,
        0.9633615016937256,
        0.9703468084335327,
        0.975895345211029,
        0.9786160588264465,
        0.9835531711578369,
        0.9824985265731812,
        0.9877260327339172,
        0.986380934715271,
        0.9867478013038635
    ],
    "loss": [
        1.6513524055480957,
        0.49322620034217834,
        0.31116724014282227,
        0.22284656763076782,
        0.15795862674713135,
        0.12259715050458908,
        0.09822703897953033,
        0.08193865418434143,
        0.07252808660268784,
        0.05806545913219452,
        0.05788540095090866,
        0.041953328996896744,
        0.046897709369659424,
        0.045063409954309464
    ],
    "val_accuracy": [
        0.8162186145782471,
        0.85676509141922,
        0.928602933883667,
        0.9466725587844849,
        0.9625385403633118,
        0.9541648030281067,
        0.9687086939811707,
        0.9704715609550476,
        0.9603349566459656,
        0.9832525253295898,
        0.9770824313163757,
        0.9916262626647949,
        0.9920669794082642,
        0.9836932420730591
    ],
    "val_loss": [
        0.6078231334686279,
        0.44680047035217285,
        0.23727907240390778,
        0.17751437425613403,
        0.12733975052833557,
        0.13820722699165344,
        0.10571752488613129,
        0.08895859122276306,
        0.12105601280927658,
        0.059920430183410645,
        0.08174707740545273,
        0.029406964778900146,
        0.030638717114925385,
        0.055649589747190475
    ]
}