{
    "accuracy": [
        0.7030707597732544,
        0.9500328898429871,
        0.9728230237960815,
        0.9789981842041016,
        0.982911229133606
    ],
    "loss": [
        1.1424413919448853,
        0.16316048800945282,
        0.08548998832702637,
        0.0674566850066185,
        0.055510472506284714
    ],
    "val_accuracy": [
        0.9299250841140747,
        0.9709122776985168,
        0.9850154519081116,
        0.9748787879943848,
        0.975319504737854
    ],
    "val_loss": [
        0.2366517037153244,
        0.0784444734454155,
        0.04937927424907684,
        0.06817362457513809,
        0.08052285760641098
    ]
}