{
    "accuracy": [
        0.5347813367843628,
        0.8493648767471313,
        0.9188053011894226,
        0.9460128545761108,
        0.9611757397651672,
        0.96768718957901,
        0.9732051491737366,
        0.9766137003898621
    ],
    "loss": [
        1.720649003982544,
        0.4841870069503784,
        0.25762778520584106,
        0.16821709275245667,
        0.12287529557943344,
        0.10246503353118896,
        0.08385548740625381,
        0.07371290773153305
    ],
    "val_accuracy": [
        0.7796385884284973,
        0.9131776094436646,
        0.9246364235877991,
        0.9374173879623413,
        0.965182900428772,
        0.9673864841461182,
        0.963420033454895,
        0.9471132755279541
    ],
    "val_loss": [
        0.6934621930122375,
        0.2893712520599365,
        0.23826198279857635,
        0.18691720068454742,
        0.12758919596672058,
        0.1057787761092186,
        0.12200680375099182,
        0.1587291806936264
    ]
}