{
    "accuracy": [
        0.07954388856887817,
        0.15054339170455933,
        0.19401434063911438,
        0.21999908983707428,
        0.24249881505966187,
        0.25856348872184753,
        0.2732066810131073,
        0.2861379086971283,
        0.2983507215976715,
        0.3086070716381073,
        0.3188328146934509,
        0.33187106251716614,
        0.3446952998638153,
        0.3504883646965027,
        0.3626859188079834,
        0.36879995465278625,
        0.37734436988830566,
        0.3843143880367279
    ],
    "loss": [
        3.698547124862671,
        3.1038901805877686,
        2.8328237533569336,
        2.659898281097412,
        2.5228636264801025,
        2.429483413696289,
        2.348431348800659,
        2.280268907546997,
        2.219374179840088,
        2.1675052642822266,
        2.1249046325683594,
        2.0768110752105713,
        2.0273303985595703,
        2.0085415840148926,
        1.9562526941299438,
        1.9363524913787842,
        1.9049382209777832,
        1.8751908540725708
    ],
    "val_accuracy": [
        0.1344204545021057,
        0.1674746572971344,
        0.20405465364456177,
        0.2093433290719986,
        0.24327898025512695,
        0.2613486051559448,
        0.28118112683296204,
        0.30101364850997925,
        0.31203174591064453,
        0.3168796896934509,
        0.2939620912075043,
        0.35522255301475525,
        0.3680035173892975,
        0.35874834656715393,
        0.3856324255466461,
        0.39488762617111206,
        0.39444687962532043,
        0.40943145751953125
    ],
    "val_loss": [
        3.2543654441833496,
        2.945941925048828,
        2.7095413208007812,
        2.5823917388916016,
        2.4499316215515137,
        2.3442792892456055,
        2.269610643386841,
        2.231060266494751,
        2.1412246227264404,
        2.102813959121704,
        2.19888973236084,
        2.0129146575927734,
        2.015341281890869,
        1.969247579574585,
        1.9186961650848389,
        1.8721662759780884,
        1.8857568502426147,
        1.9081929922103882
    ]
}