{
    "accuracy": [
        0.7302477955818176,
        0.9664949774742126,
        0.978906512260437,
        0.9856166839599609,
        0.987680196762085,
        0.9894379377365112,
        0.9918683171272278,
        0.9938859343528748,
        0.9914250373840332
    ],
    "loss": [
        1.0104622840881348,
        0.10504204779863358,
        0.06605152785778046,
        0.04645467549562454,
        0.0405556783080101,
        0.03544798865914345,
        0.02947329171001911,
        0.022198129445314407,
        0.02926366962492466
    ],
    "val_accuracy": [
        0.9391802549362183,
        0.9788452982902527,
        0.987659752368927,
        0.9748787879943848,
        0.9903041124343872,
        0.997796356678009,
        0.9995592832565308,
        0.9894226789474487,
        0.9955927729606628
    ],
    "val_loss": [
        0.18989571928977966,
        0.06521162390708923,
        0.038695078343153,
        0.0937834084033966,
        0.025870921090245247,
        0.007706578820943832,
        0.0015084423357620835,
        0.04299961403012276,
        0.011059731245040894
    ]
}