{
    "accuracy": [
        0.49157023429870605,
        0.7728168964385986,
        0.8351956009864807,
        0.8667135238647461,
        0.8845512866973877,
        0.9010898470878601,
        0.913975179195404,
        0.9234520196914673,
        0.9307124614715576,
        0.9385536909103394,
        0.9424973130226135,
        0.949681282043457,
        0.9530134797096252,
        0.9572933316230774,
        0.9586383700370789
    ],
    "loss": [
        1.9201979637145996,
        0.7658323645591736,
        0.55616694688797,
        0.44369861483573914,
        0.37458157539367676,
        0.3233497440814972,
        0.2787649929523468,
        0.24823646247386932,
        0.2225957214832306,
        0.19838890433311462,
        0.18069075047969818,
        0.16233597695827484,
        0.1501753032207489,
        0.13739433884620667,
        0.1304830014705658
    ],
    "val_accuracy": [
        0.6866461038589478,
        0.8263552188873291,
        0.8532392978668213,
        0.8788012266159058,
        0.8977522850036621,
        0.8977522850036621,
        0.9237549304962158,
        0.9396209716796875,
        0.9462318420410156,
        0.9493168592453003,
        0.9590128064155579,
        0.9546055793762207,
        0.9568091630935669,
        0.9316879510879517,
        0.9418246150016785
    ],
    "val_loss": [
        1.0484980344772339,
        0.611077070236206,
        0.5073555707931519,
        0.3960663378238678,
        0.34307652711868286,
        0.3431810438632965,
        0.2641166150569916,
        0.22875024378299713,
        0.1873098462820053,
        0.17711874842643738,
        0.15381677448749542,
        0.15391628444194794,
        0.13795225322246552,
        0.19250153005123138,
        0.18431007862091064
    ]
}