{
    "accuracy": [
        0.5814622044563293,
        0.9012274146080017,
        0.9544044137001038,
        0.9726854562759399,
        0.9796554446220398,
        0.9857542514801025,
        0.9846537113189697
    ],
    "loss": [
        1.574927806854248,
        0.31158047914505005,
        0.14057819545269012,
        0.0871356725692749,
        0.0660259947180748,
        0.049656473100185394,
        0.04935692250728607
    ],
    "val_accuracy": [
        0.8514764308929443,
        0.9625385403633118,
        0.9797267317771912,
        0.9797267317771912,
        0.9907448291778564,
        0.9854561686515808,
        0.9841339588165283
    ],
    "val_loss": [
        0.48697221279144287,
        0.14436982572078705,
        0.06067093461751938,
        0.07390262931585312,
        0.028934914618730545,
        0.044607341289520264,
        0.041585177183151245
    ]
}