{
    "accuracy": [
        0.8165018558502197,
        0.9802210330963135,
        0.9876648783683777,
        0.9917307496070862,
        0.991226315498352,
        0.995613157749176,
        0.9915014505386353,
        0.9957660436630249
    ],
    "loss": [
        0.7275643348693848,
        0.06529546529054642,
        0.04233843833208084,
        0.027924053370952606,
        0.03072933666408062,
        0.015291753225028515,
        0.031154144555330276,
        0.015387037768959999
    ],
    "val_accuracy": [
        0.977523148059845,
        0.9739973545074463,
        0.9955927729606628,
        0.9550462961196899,
        1.0,
        1.0,
        0.9938299059867859,
        0.9947113394737244
    ],
    "val_loss": [
        0.09412682801485062,
        0.06823590397834778,
        0.014396412298083305,
        0.2043628990650177,
        0.0006239700596779585,
        0.00010431304690428078,
        0.0223251823335886,
        0.010370166040956974
    ]
}