{
    "accuracy": [
        0.6905675530433655,
        0.9427877068519592,
        0.9662351012229919,
        0.9778671264648438,
        0.9815813899040222,
        0.9862281084060669,
        0.9875426292419434,
        0.9893003702163696,
        0.9905843734741211
    ],
    "loss": [
        1.1939270496368408,
        0.18525023758411407,
        0.1056203693151474,
        0.06842122972011566,
        0.06060653552412987,
        0.0429711677134037,
        0.04251745343208313,
        0.03699436038732529,
        0.030947914347052574
    ],
    "val_accuracy": [
        0.9219920635223389,
        0.9739973545074463,
        0.9550462961196899,
        0.9788452982902527,
        0.9867783188819885,
        0.9889819025993347,
        0.9986778497695923,
        0.9581313133239746,
        0.998237133026123
    ],
    "val_loss": [
        0.2759858965873718,
        0.09735339134931564,
        0.13392792642116547,
        0.0654480904340744,
        0.0460943803191185,
        0.035229358822107315,
        0.004630249459296465,
        0.16623574495315552,
        0.004734737332910299
    ]
}