{
    "accuracy": [
        0.2433089315891266,
        0.4746037423610687,
        0.5794903635978699,
        0.6447120904922485,
        0.688565194606781,
        0.7290249466896057,
        0.7584947347640991,
        0.7856258749961853,
        0.805985689163208,
        0.823685884475708,
        0.8374119400978088,
        0.852024495601654,
        0.8646041750907898,
        0.8763431906700134,
        0.8869205117225647,
        0.8920104503631592,
        0.903978705406189,
        0.9119575619697571,
        0.9183009266853333,
        0.9240633845329285,
        0.9274566769599915
    ],
    "loss": [
        2.76238751411438,
        1.6624616384506226,
        1.3571958541870117,
        1.1633872985839844,
        1.0264480113983154,
        0.9117499589920044,
        0.8193245530128479,
        0.7390871644020081,
        0.6728919744491577,
        0.6137236952781677,
        0.5658934116363525,
        0.5200592875480652,
        0.4844890236854553,
        0.4437048137187958,
        0.414073646068573,
        0.39439985156059265,
        0.3605668544769287,
        0.33825770020484924,
        0.31399235129356384,
        0.29814818501472473,
        0.2828424870967865
    ],
    "val_accuracy": [
        0.3878360390663147,
        0.5354781746864319,
        0.5901278257369995,
        0.6945791244506836,
        0.6751872897148132,
        0.7457029819488525,
        0.7981489896774292,
        0.7902159690856934,
        0.7990304231643677,
        0.8263552188873291,
        0.8338475227355957,
        0.8607316017150879,
        0.8752754330635071,
        0.879241943359375,
        0.881445586681366,
        0.8796826601028442,
        0.9250771403312683,
        0.9122961759567261,
        0.9365358948707581,
        0.9246364235877991,
        0.9167034029960632
    ],
    "val_loss": [
        1.9142290353775024,
        1.5446683168411255,
        1.3066190481185913,
        1.0610885620117188,
        1.0172351598739624,
        0.8367342352867126,
        0.7419590950012207,
        0.7253173589706421,
        0.6784378886222839,
        0.5661199688911438,
        0.554019033908844,
        0.4706149995326996,
        0.4621640145778656,
        0.4208616614341736,
        0.4021618366241455,
        0.4296925961971283,
        0.32015931606292725,
        0.3259528577327728,
        0.2678432762622833,
        0.2916439175605774,
        0.31357091665267944
    ]
}