{
    "accuracy": [
        0.6213716864585876,
        0.8737141489982605,
        0.9118658304214478,
        0.930574893951416,
        0.9395931363105774,
        0.9469911456108093,
        0.9525090456008911,
        0.9585619568824768,
        0.9605490565299988,
        0.9645537734031677
    ],
    "loss": [
        1.4041290283203125,
        0.40409278869628906,
        0.2734500765800476,
        0.21469411253929138,
        0.1778782606124878,
        0.1522524356842041,
        0.13878808915615082,
        0.12263427674770355,
        0.11771737039089203,
        0.10447702556848526
    ],
    "val_accuracy": [
        0.8400176167488098,
        0.9215513467788696,
        0.9466725587844849,
        0.9184662699699402,
        0.951079785823822,
        0.9537240862846375,
        0.9607756733894348,
        0.9643014669418335,
        0.9550462961196899,
        0.9356544613838196
    ],
    "val_loss": [
        0.5096349120140076,
        0.2704075574874878,
        0.20522013306617737,
        0.22489356994628906,
        0.15003511309623718,
        0.13080844283103943,
        0.116206593811512,
        0.09636994451284409,
        0.13070270419120789,
        0.18894797563552856
    ]
}