{
    "accuracy": [
        0.6125215888023376,
        0.8937835097312927,
        0.9297953248023987,
        0.9510111212730408,
        0.9600599408149719,
        0.9656542539596558,
        0.9691087007522583,
        0.9750546216964722,
        0.9772557020187378,
        0.9789829254150391,
        0.9806337356567383
    ],
    "loss": [
        1.3890814781188965,
        0.32764431834220886,
        0.20793281495571136,
        0.1470407098531723,
        0.11584559828042984,
        0.10038918256759644,
        0.09228325635194778,
        0.0751124918460846,
        0.06888706237077713,
        0.0674549788236618,
        0.05966759845614433
    ],
    "val_accuracy": [
        0.84266197681427,
        0.9382988214492798,
        0.9272807240486145,
        0.9497575759887695,
        0.9828118085861206,
        0.9449096322059631,
        0.9828118085861206,
        0.9546055793762207,
        0.9916262626647949,
        0.9704715609550476,
        0.9744380712509155
    ],
    "val_loss": [
        0.5026581883430481,
        0.18921707570552826,
        0.20745734870433807,
        0.14764012396335602,
        0.0555855818092823,
        0.1542438417673111,
        0.044785186648368835,
        0.13123928010463715,
        0.026119142770767212,
        0.08457329124212265,
        0.08025114983320236
    ]
}