{
    "accuracy": [
        0.7348944544792175,
        0.943123996257782,
        0.9640951752662659,
        0.9721046090126038,
        0.9781269431114197,
        0.9779282808303833
    ],
    "loss": [
        0.9937900304794312,
        0.17802022397518158,
        0.10909581184387207,
        0.08407611399888992,
        0.06866912543773651,
        0.06640678644180298
    ],
    "val_accuracy": [
        0.8876156806945801,
        0.9739973545074463,
        0.9695901274681091,
        0.9832525253295898,
        0.9801674485206604,
        0.9788452982902527
    ],
    "val_loss": [
        0.3478860557079315,
        0.08785510063171387,
        0.08498067408800125,
        0.05745191127061844,
        0.07119287550449371,
        0.06460844725370407
    ]
}