{
    "accuracy": [
        0.4056677222251892,
        0.601852536201477,
        0.6510095596313477,
        0.6826804280281067,
        0.705653965473175,
        0.7194564342498779,
        0.7344205975532532,
        0.7388533353805542,
        0.746358335018158,
        0.7556975483894348,
        0.7604053616523743,
        0.766534686088562,
        0.7728627324104309,
        0.7766687273979187
    ],
    "loss": [
        2.115731954574585,
        1.2395743131637573,
        1.0645642280578613,
        0.9607775807380676,
        0.8877403736114502,
        0.8357978463172913,
        0.7886074185371399,
        0.7633569836616516,
        0.7370132207870483,
        0.7114374041557312,
        0.6909869909286499,
        0.674903392791748,
        0.6585379838943481,
        0.6420172452926636
    ],
    "val_accuracy": [
        0.5874834656715393,
        0.625826358795166,
        0.6804760098457336,
        0.6989863514900208,
        0.723666787147522,
        0.7333627343177795,
        0.7324812412261963,
        0.758924663066864,
        0.7695019841194153,
        0.7875716090202332,
        0.7734684944152832,
        0.773027777671814,
        0.7518730759620667,
        0.760687530040741
    ],
    "val_loss": [
        1.3248631954193115,
        1.1197031736373901,
        0.9917725920677185,
        0.8975009918212891,
        0.8490432500839233,
        0.8059307336807251,
        0.7709775567054749,
        0.7142640948295593,
        0.695103645324707,
        0.6574162840843201,
        0.6609020233154297,
        0.6571406126022339,
        0.6826231479644775,
        0.711800217628479
    ]
}