{
    "accuracy": [
        0.36612507700920105,
        0.570762574672699,
        0.6158384680747986,
        0.6411965489387512,
        0.6591259837150574,
        0.6749308109283447,
        0.6824511289596558,
        0.6948779225349426,
        0.7027651071548462,
        0.7128379940986633,
        0.7166287302970886,
        0.7256622314453125,
        0.7304617762565613,
        0.734527587890625,
        0.7401525378227234,
        0.7418186068534851,
        0.7438362836837769,
        0.7488803863525391,
        0.7526404857635498,
        0.7565382122993469,
        0.7603747844696045,
        0.763523519039154,
        0.7669473886489868,
        0.7689956426620483,
        0.7757822275161743,
        0.7794200778007507
    ],
    "loss": [
        2.432359218597412,
        1.4737225770950317,
        1.2979187965393066,
        1.200037956237793,
        1.131727933883667,
        1.0725570917129517,
        1.0316604375839233,
        0.9941937923431396,
        0.9617361426353455,
        0.9339383244514465,
        0.9124795794487,
        0.8882961273193359,
        0.8683989644050598,
        0.8511412739753723,
        0.8385211229324341,
        0.821462869644165,
        0.8089357018470764,
        0.7966817021369934,
        0.7842084169387817,
        0.7725312113761902,
        0.7581292986869812,
        0.7461111545562744,
        0.735736072063446,
        0.7263690233230591,
        0.7114392518997192,
        0.7039160132408142
    ],
    "val_accuracy": [
        0.5495812892913818,
        0.6143675446510315,
        0.6170119047164917,
        0.6668135523796082,
        0.6800352334976196,
        0.6884089708328247,
        0.7289555072784424,
        0.7157338261604309,
        0.6950198411941528,
        0.7289555072784424,
        0.7364477515220642,
        0.7373292446136475,
        0.7020713686943054,
        0.7307183742523193,
        0.756721019744873,
        0.7474658489227295,
        0.7571617364883423,
        0.7527545094490051,
        0.7501102089881897,
        0.7725870609283447,
        0.756721019744873,
        0.7659761905670166,
        0.7633318901062012,
        0.7858087420463562,
        0.7783164381980896,
        0.7703834176063538
    ],
    "val_loss": [
        1.6051048040390015,
        1.3410090208053589,
        1.246335744857788,
        1.1531097888946533,
        1.0667654275894165,
        1.0500011444091797,
        0.9802907705307007,
        0.9590277075767517,
        0.9702813625335693,
        0.9013177752494812,
        0.880046010017395,
        0.8778190612792969,
        0.9189878106117249,
        0.8537335991859436,
        0.8388175964355469,
        0.8155971169471741,
        0.8057977557182312,
        0.8072474598884583,
        0.7969027757644653,
        0.7596743106842041,
        0.7769626379013062,
        0.7512564063072205,
        0.7498701214790344,
        0.7197216153144836,
        0.7205222249031067,
        0.7397887706756592
    ]
}