{
    "accuracy": [
        0.7540314793586731,
        0.938737154006958,
        0.9584091305732727,
        0.967381477355957,
        0.9717530608177185
    ],
    "loss": [
        0.8828800320625305,
        0.1814003884792328,
        0.1282218098640442,
        0.10113271325826645,
        0.08805082738399506
    ],
    "val_accuracy": [
        0.9413838982582092,
        0.9770824313163757,
        0.9836932420730591,
        0.9607756733894348,
        0.9541648030281067
    ],
    "val_loss": [
        0.15802983939647675,
        0.07651305943727493,
        0.0547671876847744,
        0.11510107666254044,
        0.12592510879039764
    ]
}