{
    "accuracy": [
        0.16952753067016602,
        0.33229902386665344,
        0.3961297869682312,
        0.4291457235813141,
        0.4545343518257141,
        0.47191354632377625,
        0.4858383238315582,
        0.5007871985435486,
        0.5092092752456665,
        0.5174938440322876,
        0.5195267796516418,
        0.5285602807998657,
        0.5370129942893982,
        0.5392599105834961,
        0.546612024307251,
        0.546352207660675,
        0.5485227108001709
    ],
    "loss": [
        3.0697498321533203,
        2.1245641708374023,
        1.8638211488723755,
        1.7320799827575684,
        1.6434037685394287,
        1.579828143119812,
        1.5320576429367065,
        1.488277792930603,
        1.4542913436889648,
        1.4305943250656128,
        1.411144495010376,
        1.3846533298492432,
        1.3686041831970215,
        1.3528966903686523,
        1.3324354887008667,
        1.3281370401382446,
        1.3186873197555542
    ],
    "val_accuracy": [
        0.3054208755493164,
        0.36271485686302185,
        0.4138386845588684,
        0.38959893584251404,
        0.47598060965538025,
        0.4385191798210144,
        0.4905244708061218,
        0.507271945476532,
        0.4914059042930603,
        0.5068312287330627,
        0.5231379270553589,
        0.554429292678833,
        0.5328338742256165,
        0.5583957433700562,
        0.5548700094223022,
        0.543851912021637,
        0.5416483283042908
    ],
    "val_loss": [
        2.315586566925049,
        1.9477192163467407,
        1.777667760848999,
        1.792966365814209,
        1.548929214477539,
        1.652082085609436,
        1.4848718643188477,
        1.4521517753601074,
        1.5038502216339111,
        1.4058146476745605,
        1.3816536664962769,
        1.3247369527816772,
        1.3456627130508423,
        1.2960022687911987,
        1.293411135673523,
        1.3125241994857788,
        1.312558889389038
    ]
}