{
    "accuracy": [
        0.5753633975982666,
        0.8431438207626343,
        0.8911392092704773,
        0.9173226356506348,
        0.9307430386543274,
        0.9451721906661987,
        0.95266193151474,
        0.9584855437278748,
        0.964523196220398,
        0.9688183069229126,
        0.9716766476631165,
        0.9729300141334534,
        0.9767360091209412,
        0.9785090684890747,
        0.9800681471824646,
        0.9805267453193665,
        0.982911229133606
    ],
    "loss": [
        1.7055245637893677,
        0.5885822772979736,
        0.3989427983760834,
        0.3022949695587158,
        0.24350176751613617,
        0.19909897446632385,
        0.16936950385570526,
        0.1468801498413086,
        0.12724652886390686,
        0.11127662658691406,
        0.10189028829336166,
        0.09340040385723114,
        0.08444254845380783,
        0.07704371958971024,
        0.0704197883605957,
        0.06830818206071854,
        0.06063959002494812
    ],
    "val_accuracy": [
        0.7950639128684998,
        0.8682239055633545,
        0.9083296656608582,
        0.9241957068443298,
        0.9369766712188721,
        0.9466725587844849,
        0.9466725587844849,
        0.951079785823822,
        0.9660643339157104,
        0.975319504737854,
        0.9770824313163757,
        0.9739973545074463,
        0.9762009978294373,
        0.9814896583557129,
        0.9854561686515808,
        0.9792860150337219,
        0.9850154519081116
    ],
    "val_loss": [
        0.7959950566291809,
        0.49231967329978943,
        0.33042624592781067,
        0.27700111269950867,
        0.2284826785326004,
        0.19275739789009094,
        0.17476952075958252,
        0.15408332645893097,
        0.12739573419094086,
        0.09662331640720367,
        0.10264623165130615,
        0.08994350582361221,
        0.10198059678077698,
        0.075260691344738,
        0.06018053740262985,
        0.07637573033571243,
        0.06283838301897049
    ]
}