{
    "accuracy": [
        0.762453556060791,
        0.9514238238334656,
        0.9738165736198425,
        0.9715085029602051,
        0.9781116843223572
    ],
    "loss": [
        0.8926507830619812,
        0.14967294037342072,
        0.08180618286132812,
        0.08710158616304398,
        0.06691467016935349
    ],
    "val_accuracy": [
        0.9325693845748901,
        0.9471132755279541,
        0.9832525253295898,
        0.9823710918426514,
        0.9665050506591797
    ],
    "val_loss": [
        0.23882344365119934,
        0.15368948876857758,
        0.04539870098233223,
        0.05021068826317787,
        0.11224790662527084
    ]
}