{
    "accuracy": [
        0.6064228415489197,
        0.8515201210975647,
        0.9005548357963562,
        0.924506664276123,
        0.9408465027809143,
        0.9510722756385803,
        0.958500862121582,
        0.9633156657218933,
        0.9700716733932495,
        0.9729758501052856,
        0.975467324256897,
        0.9782645106315613
    ],
    "loss": [
        1.6103408336639404,
        0.5469779968261719,
        0.36224767565727234,
        0.2734605371952057,
        0.2181364744901657,
        0.17789247632026672,
        0.15034793317317963,
        0.13041818141937256,
        0.11030613631010056,
        0.09772862493991852,
        0.08771894127130508,
        0.07790551334619522
    ],
    "val_accuracy": [
        0.8135742545127869,
        0.8660202622413635,
        0.9219920635223389,
        0.9316879510879517,
        0.940502405166626,
        0.9590128064155579,
        0.961216390132904,
        0.9647421836853027,
        0.9770824313163757,
        0.9766417145729065,
        0.9739973545074463,
        0.9700308442115784
    ],
    "val_loss": [
        0.7030107378959656,
        0.4635426104068756,
        0.2931624948978424,
        0.2621843218803406,
        0.2023482769727707,
        0.1517701894044876,
        0.1389382779598236,
        0.12894056737422943,
        0.09743805974721909,
        0.08738617599010468,
        0.09165755659341812,
        0.09715909510850906
    ]
}