{
    "accuracy": [
        0.29731133580207825,
        0.5112727880477905,
        0.593231737613678,
        0.6408602595329285,
        0.6709872484207153,
        0.6938232779502869,
        0.7140761017799377,
        0.7319444417953491,
        0.7472448348999023,
        0.7589991092681885,
        0.7682008147239685,
        0.7768674492835999,
        0.7863595485687256,
        0.7954388856887817,
        0.8020573854446411,
        0.8074224591255188,
        0.8144994974136353,
        0.8189780116081238,
        0.8249850869178772,
        0.8292191028594971,
        0.8327957987785339,
        0.8363572359085083,
        0.8386499881744385,
        0.8436024188995361,
        0.8462314605712891
    ],
    "loss": [
        2.6937904357910156,
        1.709377646446228,
        1.4294224977493286,
        1.2507954835891724,
        1.1403002738952637,
        1.0599443912506104,
        0.989630937576294,
        0.9326507449150085,
        0.8829421997070312,
        0.842095136642456,
        0.8049395084381104,
        0.7728559374809265,
        0.7450762987136841,
        0.716759979724884,
        0.6915462017059326,
        0.6710564494132996,
        0.6503544449806213,
        0.6366146802902222,
        0.6165014505386353,
        0.602786660194397,
        0.5916273593902588,
        0.5746304988861084,
        0.5648425817489624,
        0.550838053226471,
        0.5424838066101074
    ],
    "val_accuracy": [
        0.4865579605102539,
        0.5509034991264343,
        0.6342000961303711,
        0.6469810605049133,
        0.7003085017204285,
        0.732040524482727,
        0.7307183742523193,
        0.7390921115875244,
        0.7434993386268616,
        0.7633318901062012,
        0.746584415435791,
        0.746584415435791,
        0.7602468132972717,
        0.8038783669471741,
        0.7915381193161011,
        0.8118113875389099,
        0.8312031626701355,
        0.8223887085914612,
        0.8091670274734497,
        0.8228294253349304,
        0.8259145021438599,
        0.840458333492279,
        0.8497135043144226,
        0.8223887085914612,
        0.8276773691177368
    ],
    "val_loss": [
        1.8662643432617188,
        1.5647774934768677,
        1.3054742813110352,
        1.2110071182250977,
        1.0849106311798096,
        1.004988670349121,
        0.9541670083999634,
        0.9040552973747253,
        0.8731890916824341,
        0.8594345450401306,
        0.8727021217346191,
        0.803698718547821,
        0.7981977462768555,
        0.7100133895874023,
        0.7021681666374207,
        0.6798896193504333,
        0.6423834562301636,
        0.6393008232116699,
        0.6321831941604614,
        0.6164052486419678,
        0.5982335805892944,
        0.5764203667640686,
        0.5495787858963013,
        0.6128429174423218,
        0.5875289440155029
    ]
}