{
    "accuracy": [
        0.02303471229970455,
        0.03290891647338867,
        0.03906882926821709,
        0.04177429899573326,
        0.04373079910874367,
        0.04629870131611824,
        0.04732280597090721,
        0.046375129371881485,
        0.047429803758859634,
        0.04718524217605591,
        0.048301056027412415,
        0.04833162575960159,
        0.05025755614042282,
        0.05027284100651741,
        0.050716109573841095,
        0.052091773599386215,
        0.05111352354288101,
        0.05198477581143379,
        0.05215291306376457,
        0.05389541760087013,
        0.05352857708930969,
        0.0538037084043026
    ],
    "loss": [
        4.483471393585205,
        4.2790632247924805,
        4.190427780151367,
        4.132663249969482,
        4.0906476974487305,
        4.056763648986816,
        4.031573295593262,
        4.012146949768066,
        3.9951610565185547,
        3.979358673095703,
        3.9672815799713135,
        3.956472873687744,
        3.9468064308166504,
        3.9336583614349365,
        3.924825668334961,
        3.915583372116089,
        3.90618634223938,
        3.9058444499969482,
        3.89460825920105,
        3.8854002952575684,
        3.8777871131896973,
        3.874643087387085
    ],
    "val_accuracy": [
        0.026443367823958397,
        0.031732041388750076,
        0.03746143728494644,
        0.04275010898709297,
        0.03481709957122803,
        0.044513002038002014,
        0.04275010898709297,
        0.03746143728494644,
        0.039224326610565186,
        0.04275010898709297,
        0.04098721966147423,
        0.049801673740148544,
        0.037020713090896606,
        0.047598060220479965,
        0.05332745611667633,
        0.04098721966147423,
        0.05244601145386696,
        0.053768180310726166,
        0.05156456679105759,
        0.06919347494840622,
        0.04671661555767059,
        0.05112384259700775
    ],
    "val_loss": [
        4.3402323722839355,
        4.218600749969482,
        4.16607666015625,
        4.114447116851807,
        4.0746307373046875,
        4.04601526260376,
        4.024664878845215,
        4.043417453765869,
        3.9850757122039795,
        3.9690182209014893,
        3.9599485397338867,
        3.9559686183929443,
        3.931680202484131,
        4.10845422744751,
        3.9273879528045654,
        3.9017841815948486,
        3.898463010787964,
        3.8925492763519287,
        3.8776090145111084,
        3.871899127960205,
        3.8749871253967285,
        3.8772027492523193
    ]
}