{
    "accuracy": [
        0.7384558916091919,
        0.9358024001121521,
        0.9562844634056091,
        0.966357409954071,
        0.9738012552261353,
        0.976201057434082,
        0.9781269431114197,
        0.9821774959564209,
        0.9811228513717651,
        0.9836601614952087,
        0.9833086133003235,
        0.987374484539032,
        0.9827277660369873
    ],
    "loss": [
        0.9451042413711548,
        0.18895842134952545,
        0.12916584312915802,
        0.10382259637117386,
        0.0815255343914032,
        0.07475363463163376,
        0.0725800022482872,
        0.05755430832505226,
        0.06149851530790329,
        0.06221902742981911,
        0.059888847172260284,
        0.04368608817458153,
        0.06277133524417877
    ],
    "val_accuracy": [
        0.9136183261871338,
        0.8999559283256531,
        0.962979257106781,
        0.9669457674026489,
        0.9823710918426514,
        0.9863376021385193,
        0.9903041124343872,
        0.9462318420410156,
        0.9911855459213257,
        0.9925076961517334,
        0.9955927729606628,
        0.9748787879943848,
        0.9920669794082642
    ],
    "val_loss": [
        0.23703919351100922,
        0.3101614713668823,
        0.096659354865551,
        0.10887713730335236,
        0.046293385326862335,
        0.04143139347434044,
        0.028948679566383362,
        0.23120173811912537,
        0.0234572384506464,
        0.02648814395070076,
        0.014293440617620945,
        0.10979679971933365,
        0.022205857560038567
    ]
}