{
    "accuracy": [
        0.7478868365287781,
        0.9431698322296143,
        0.9644620418548584,
        0.9711875319480896,
        0.9743973612785339,
        0.9793650507926941,
        0.9790287613868713,
        0.9834309220314026
    ],
    "loss": [
        0.9584729075431824,
        0.17913392186164856,
        0.10837604850530624,
        0.08766455948352814,
        0.07766138017177582,
        0.06447240710258484,
        0.06478950381278992,
        0.05351458489894867
    ],
    "val_accuracy": [
        0.9321286678314209,
        0.9590128064155579,
        0.9568091630935669,
        0.9731159210205078,
        0.9413838982582092,
        0.9925076961517334,
        0.9788452982902527,
        0.9911855459213257
    ],
    "val_loss": [
        0.22688527405261993,
        0.12138000130653381,
        0.12417919933795929,
        0.07581570744514465,
        0.1711534857749939,
        0.024715781211853027,
        0.07717400789260864,
        0.028327777981758118
    ]
}