{
    "accuracy": [
        0.7299879193305969,
        0.9240939617156982,
        0.9540222883224487,
        0.9602586030960083,
        0.9676260352134705,
        0.9739082455635071,
        0.9743056893348694
    ],
    "loss": [
        0.9862180948257446,
        0.23004525899887085,
        0.13909360766410828,
        0.11865250766277313,
        0.10057304054498672,
        0.07931503653526306,
        0.08026739209890366
    ],
    "val_accuracy": [
        0.914059042930603,
        0.9462318420410156,
        0.9687086939811707,
        0.9625385403633118,
        0.9770824313163757,
        0.9717937707901001,
        0.952842652797699
    ],
    "val_loss": [
        0.2803950905799866,
        0.1527322679758072,
        0.08954104036092758,
        0.13672830164432526,
        0.06701408326625824,
        0.080625019967556,
        0.1350966840982437
    ]
}