{
    "accuracy": [
        0.49734804034233093,
        0.7972425818443298,
        0.8646805882453918,
        0.8979716897010803,
        0.921036958694458,
        0.9350075721740723,
        0.9439494013786316,
        0.9552450776100159,
        0.9573544263839722,
        0.9612827301025391,
        0.965287446975708,
        0.9684973359107971,
        0.9723033308982849
    ],
    "loss": [
        1.8928784132003784,
        0.659575879573822,
        0.4298335313796997,
        0.3184576630592346,
        0.2433687299489975,
        0.20066897571086884,
        0.16958604753017426,
        0.13712246716022491,
        0.13331982493400574,
        0.11757580190896988,
        0.10511711239814758,
        0.09744719415903091,
        0.08556132763624191
    ],
    "val_accuracy": [
        0.7280740141868591,
        0.8029969334602356,
        0.8946672677993774,
        0.9250771403312683,
        0.9321286678314209,
        0.951079785823822,
        0.9457911252975464,
        0.951079785823822,
        0.9660643339157104,
        0.9475539922714233,
        0.9784045815467834,
        0.9541648030281067,
        0.9678272604942322
    ],
    "val_loss": [
        0.8689720630645752,
        0.5957219004631042,
        0.3345080316066742,
        0.24685059487819672,
        0.21193909645080566,
        0.1598922163248062,
        0.15700137615203857,
        0.13861113786697388,
        0.11157166957855225,
        0.1748649775981903,
        0.07219742983579636,
        0.12981875240802765,
        0.08280230313539505
    ]
}