{
    "accuracy": [
        0.7424911856651306,
        0.9719058871269226,
        0.9837824702262878,
        0.9886278510093689,
        0.9891169667243958,
        0.9904009103775024,
        0.990462064743042,
        0.9929688572883606,
        0.9936107993125916,
        0.9928618669509888
    ],
    "loss": [
        1.0273633003234863,
        0.09629130363464355,
        0.05369051545858383,
        0.03845727816224098,
        0.03552061691880226,
        0.0317726731300354,
        0.03151451796293259,
        0.023866355419158936,
        0.0229830089956522,
        0.025214888155460358
    ],
    "val_accuracy": [
        0.9537240862846375,
        0.9620978236198425,
        0.9894226789474487,
        0.9598942399024963,
        0.9938299059867859,
        0.9964742064476013,
        0.9973556399345398,
        0.9995592832565308,
        0.997796356678009,
        0.997796356678009
    ],
    "val_loss": [
        0.16018842160701752,
        0.12769261002540588,
        0.036621250212192535,
        0.1150367334485054,
        0.01979941315948963,
        0.012011959217488766,
        0.007748299743980169,
        0.0013679899275302887,
        0.0044980947859585285,
        0.010678296908736229
    ]
}