{
    "accuracy": [
        0.2396252155303955,
        0.4371398389339447,
        0.505754828453064,
        0.5529706478118896,
        0.5835409760475159,
        0.6151047945022583,
        0.6351283192634583,
        0.6605016589164734,
        0.6767497658729553,
        0.6956880688667297,
        0.706265389919281,
        0.7169955372810364
    ],
    "loss": [
        2.735140800476074,
        1.7611303329467773,
        1.5351037979125977,
        1.3896851539611816,
        1.2897883653640747,
        1.2012978792190552,
        1.1331443786621094,
        1.0687229633331299,
        1.0125093460083008,
        0.9639338254928589,
        0.9208707809448242,
        0.8848273754119873
    ],
    "val_accuracy": [
        0.37990304827690125,
        0.4517408609390259,
        0.5253415703773499,
        0.494931697845459,
        0.5866020321846008,
        0.6280299425125122,
        0.6615248918533325,
        0.6297928690910339,
        0.6527104377746582,
        0.7033935785293579,
        0.6610841751098633,
        0.6840017437934875
    ],
    "val_loss": [
        1.953009843826294,
        1.6446150541305542,
        1.4765385389328003,
        1.5344069004058838,
        1.2598105669021606,
        1.2180116176605225,
        1.090396761894226,
        1.1198903322219849,
        1.067212462425232,
        0.9315449595451355,
        0.9865341782569885,
        0.9443466067314148
    ]
}