{
    "accuracy": [
        0.2545282244682312,
        0.5253962874412537,
        0.6499854922294617,
        0.7264570593833923,
        0.7824006676673889,
        0.8226311802864075,
        0.8507252931594849,
        0.8742949962615967,
        0.8922855854034424,
        0.9042691588401794,
        0.9133179187774658,
        0.9205478429794312,
        0.9293367862701416
    ],
    "loss": [
        2.946155548095703,
        1.593411922454834,
        1.1222282648086548,
        0.8705899119377136,
        0.6893254518508911,
        0.5642209649085999,
        0.4762875735759735,
        0.40750911831855774,
        0.3509317636489868,
        0.3105151355266571,
        0.2815503776073456,
        0.2533631920814514,
        0.23005536198616028
    ],
    "val_accuracy": [
        0.4050242304801941,
        0.6187747716903687,
        0.7073600888252258,
        0.7421771883964539,
        0.7915381193161011,
        0.8435434103012085,
        0.8585279583930969,
        0.8827677369117737,
        0.8889378309249878,
        0.8360511064529419,
        0.9356544613838196,
        0.8880563974380493,
        0.9338915944099426
    ],
    "val_loss": [
        2.060337781906128,
        1.232543706893921,
        0.9329245090484619,
        0.7639058232307434,
        0.61247718334198,
        0.4849851429462433,
        0.45303794741630554,
        0.38326016068458557,
        0.3529495596885681,
        0.490177720785141,
        0.23397156596183777,
        0.3377913236618042,
        0.24289406836032867
    ]
}