{
    "accuracy": [
        0.7982513904571533,
        0.9787077903747559,
        0.9874203205108643,
        0.9899423718452454,
        0.9877871870994568
    ],
    "loss": [
        0.7962462902069092,
        0.07229859381914139,
        0.043680865317583084,
        0.0344427153468132,
        0.0422077476978302
    ],
    "val_accuracy": [
        0.9603349566459656,
        0.9894226789474487,
        0.9938299059867859,
        0.9687086939811707,
        0.9911855459213257
    ],
    "val_loss": [
        0.11690367013216019,
        0.043906260281801224,
        0.022574348375201225,
        0.14275036752223969,
        0.03335782513022423
    ]
}