{
    "accuracy": [
        0.37667182087898254,
        0.6478149890899658,
        0.7312718629837036,
        0.778778076171875,
        0.8096541166305542,
        0.8385429978370667,
        0.8579093217849731,
        0.8755636215209961,
        0.8924384117126465,
        0.9041621685028076,
        0.9137917757034302,
        0.9267077445983887,
        0.9335249066352844,
        0.9361233711242676
    ],
    "loss": [
        2.248347043991089,
        1.1075303554534912,
        0.8224475383758545,
        0.6749362349510193,
        0.5705375671386719,
        0.4913393259048462,
        0.4317225217819214,
        0.38157665729522705,
        0.32742565870285034,
        0.29432904720306396,
        0.26614832878112793,
        0.22831778228282928,
        0.20754632353782654,
        0.20236040651798248
    ],
    "val_accuracy": [
        0.5464962720870972,
        0.7078008055686951,
        0.7501102089881897,
        0.809607744216919,
        0.7866901755332947,
        0.8378140330314636,
        0.8907007575035095,
        0.8708682060241699,
        0.893345057964325,
        0.926399290561676,
        0.9312472343444824,
        0.9541648030281067,
        0.9158219695091248,
        0.926399290561676
    ],
    "val_loss": [
        1.370802879333496,
        0.8946240544319153,
        0.7171999216079712,
        0.5755951404571533,
        0.6191087961196899,
        0.47495943307876587,
        0.34401869773864746,
        0.39192527532577515,
        0.343144029378891,
        0.2531457841396332,
        0.20922429859638214,
        0.16564065217971802,
        0.25608301162719727,
        0.21765674650669098
    ]
}