{
    "accuracy": [
        0.4478088617324829,
        0.8238234519958496,
        0.906118631362915,
        0.9433073997497559,
        0.9617871642112732,
        0.9712639451026917,
        0.9728688597679138,
        0.9784020781517029
    ],
    "loss": [
        2.0615930557250977,
        0.5387032628059387,
        0.2829475998878479,
        0.17742905020713806,
        0.12360868602991104,
        0.09326886385679245,
        0.08683274686336517,
        0.07442110776901245
    ],
    "val_accuracy": [
        0.7562803030014038,
        0.8686646223068237,
        0.9237549304962158,
        0.9576905965805054,
        0.9784045815467834,
        0.9863376021385193,
        0.9806082248687744,
        0.9788452982902527
    ],
    "val_loss": [
        0.7529945969581604,
        0.4060126841068268,
        0.21392539143562317,
        0.12462286651134491,
        0.08232026547193527,
        0.0557820200920105,
        0.06734883040189743,
        0.08123572170734406
    ]
}