{
    "accuracy": [
        0.7871543765068054,
        0.9751005172729492,
        0.9827430844306946,
        0.988138735294342,
        0.9897283911705017
    ],
    "loss": [
        0.814000129699707,
        0.07867772877216339,
        0.0589146688580513,
        0.04050961881875992,
        0.03486764430999756
    ],
    "val_accuracy": [
        0.973556637763977,
        0.9462318420410156,
        0.9969149231910706,
        0.9951520562171936,
        0.9969149231910706
    ],
    "val_loss": [
        0.07727999985218048,
        0.14145727455615997,
        0.009019697085022926,
        0.01562959887087345,
        0.010023013688623905
    ]
}