{
    "accuracy": [
        0.48976659774780273,
        0.7751555442810059,
        0.8470721244812012,
        0.8854990005493164,
        0.9080292582511902,
        0.9254543781280518,
        0.9352368712425232,
        0.9456154704093933,
        0.9498188495635986,
        0.9560858011245728,
        0.9642633199691772,
        0.9617871642112732,
        0.9680082201957703
    ],
    "loss": [
        1.8953514099121094,
        0.7193494439125061,
        0.4772200286388397,
        0.3510412871837616,
        0.2795601487159729,
        0.22481222450733185,
        0.1917015016078949,
        0.16336822509765625,
        0.15077079832553864,
        0.13330720365047455,
        0.10884204506874084,
        0.11538589000701904,
        0.09722601622343063
    ],
    "val_accuracy": [
        0.7276332974433899,
        0.8228294253349304,
        0.877479076385498,
        0.8646981120109558,
        0.9215513467788696,
        0.9228734970092773,
        0.9413838982582092,
        0.9541648030281067,
        0.9603349566459656,
        0.9598942399024963,
        0.9854561686515808,
        0.973556637763977,
        0.9669457674026489
    ],
    "val_loss": [
        0.903192400932312,
        0.5372780561447144,
        0.3758608400821686,
        0.3916246294975281,
        0.22644327580928802,
        0.2364814579486847,
        0.17633919417858124,
        0.1359318345785141,
        0.14547665417194366,
        0.12294887751340866,
        0.05482998490333557,
        0.07853756844997406,
        0.1020355150103569
    ]
}