{
    "accuracy": [
        0.014352750964462757,
        0.014505602419376373,
        0.014505602419376373,
        0.014505602419376373,
        0.014505602419376373,
        0.014505602419376373,
        0.014505602419376373
    ],
    "loss": [
        4.869305610656738,
        4.858476161956787,
        4.856914043426514,
        4.85654878616333,
        4.85645866394043,
        4.856378078460693,
        4.856388092041016
    ],
    "val_accuracy": [
        0.015425297431647778,
        0.015425297431647778,
        0.015425297431647778,
        0.015425297431647778,
        0.015425297431647778,
        0.015425297431647778,
        0.015425297431647778
    ],
    "val_loss": [
        4.861414432525635,
        4.858699321746826,
        4.858397960662842,
        4.858508586883545,
        4.858387470245361,
        4.858582496643066,
        4.858646392822266
    ]
}