{
    "accuracy": [
        0.8014918565750122,
        0.9745043516159058,
        0.9849135875701904,
        0.9867783784866333,
        0.9899729490280151,
        0.9930605292320251,
        0.9941763877868652,
        0.9933815598487854
    ],
    "loss": [
        0.7633345127105713,
        0.08223031461238861,
        0.04985653609037399,
        0.04259144514799118,
        0.033271465450525284,
        0.024723533540964127,
        0.02194439433515072,
        0.024012915790081024
    ],
    "val_accuracy": [
        0.9546055793762207,
        0.9449096322059631,
        0.987659752368927,
        0.9947113394737244,
        0.9907448291778564,
        0.9960334897041321,
        0.9903041124343872,
        0.9942706227302551
    ],
    "val_loss": [
        0.13696107268333435,
        0.17886996269226074,
        0.03160412237048149,
        0.017773441970348358,
        0.031062759459018707,
        0.016449080780148506,
        0.0386740118265152,
        0.022480761632323265
    ]
}