{
    "accuracy": [
        0.5454809665679932,
        0.8620362877845764,
        0.9194778800010681,
        0.944148063659668,
        0.9593721032142639,
        0.9657459855079651,
        0.9720281958580017,
        0.975513219833374,
        0.9795178771018982,
        0.9823609590530396,
        0.9835379123687744,
        0.9855096936225891
    ],
    "loss": [
        1.7133606672286987,
        0.45701873302459717,
        0.2677267789840698,
        0.1820930540561676,
        0.1338137686252594,
        0.10984626412391663,
        0.09385077655315399,
        0.08360056579113007,
        0.07035144418478012,
        0.060112498700618744,
        0.05482092872262001,
        0.05004311725497246
    ],
    "val_accuracy": [
        0.8382547497749329,
        0.8757161498069763,
        0.9506390690803528,
        0.9682679772377014,
        0.9396209716796875,
        0.9832525253295898,
        0.9819303750991821,
        0.9951520562171936,
        0.9832525253295898,
        0.9960334897041321,
        0.9814896583557129,
        0.9788452982902527
    ],
    "val_loss": [
        0.5486226081848145,
        0.3871648609638214,
        0.1811758279800415,
        0.11370506882667542,
        0.1919216513633728,
        0.05941850319504738,
        0.061970412731170654,
        0.023376356810331345,
        0.06518301367759705,
        0.021526094526052475,
        0.06197310611605644,
        0.06238825246691704
    ]
}