{
    "accuracy": [
        0.6870213747024536,
        0.9443315267562866,
        0.9708359241485596,
        0.9794720411300659,
        0.9819788336753845,
        0.9883374571800232,
        0.9854943752288818,
        0.9902175068855286,
        0.9926631450653076,
        0.9894226789474487,
        0.9918224215507507
    ],
    "loss": [
        1.178240418434143,
        0.17327770590782166,
        0.09130902588367462,
        0.06796614825725555,
        0.05900179222226143,
        0.03884917497634888,
        0.04845660924911499,
        0.03261473402380943,
        0.02479996345937252,
        0.03848159685730934,
        0.02891143411397934
    ],
    "val_accuracy": [
        0.9197884798049927,
        0.952842652797699,
        0.9713529944419861,
        0.9889819025993347,
        0.9933891296386719,
        0.9885411858558655,
        0.9973556399345398,
        0.998237133026123,
        0.9986778497695923,
        0.9665050506591797,
        0.9894226789474487
    ],
    "val_loss": [
        0.25475239753723145,
        0.1392071545124054,
        0.08970560878515244,
        0.035243865102529526,
        0.03064684383571148,
        0.054478589445352554,
        0.00719030573964119,
        0.011794625781476498,
        0.004741109907627106,
        0.11438988894224167,
        0.031661029905080795
    ]
}