{
    "accuracy": [
        0.655488133430481,
        0.9399141073226929,
        0.9719517827033997,
        0.9791969060897827,
        0.9852651357650757,
        0.9870229363441467,
        0.9893615245819092,
        0.9916543364524841,
        0.9915167689323425,
        0.9923421144485474
    ],
    "loss": [
        1.346678376197815,
        0.20165883004665375,
        0.09419549256563187,
        0.06740592420101166,
        0.048540979623794556,
        0.04159704968333244,
        0.03480179235339165,
        0.028431959450244904,
        0.029879305511713028,
        0.026880912482738495
    ],
    "val_accuracy": [
        0.9228734970092773,
        0.9268400073051453,
        0.9828118085861206,
        0.9206699132919312,
        0.9964742064476013,
        0.9986778497695923,
        0.9920669794082642,
        0.9995592832565308,
        0.9748787879943848,
        0.9995592832565308
    ],
    "val_loss": [
        0.2651633024215698,
        0.20973354578018188,
        0.062145307660102844,
        0.23250703513622284,
        0.017286473885178566,
        0.01106677483767271,
        0.02280530147254467,
        0.003059638198465109,
        0.0735010877251625,
        0.004208138678222895
    ]
}