{
    "accuracy": [
        0.8450086116790771,
        0.9820399284362793,
        0.9870993494987488,
        0.9913333058357239,
        0.9937177896499634,
        0.9937025308609009,
        0.9940999150276184,
        0.995154619216919
    ],
    "loss": [
        0.6212869882583618,
        0.05911022797226906,
        0.04293821007013321,
        0.030563078820705414,
        0.02285192534327507,
        0.022820955142378807,
        0.01959596946835518,
        0.017577726393938065
    ],
    "val_accuracy": [
        0.9907448291778564,
        0.9713529944419861,
        0.987659752368927,
        0.9995592832565308,
        0.9832525253295898,
        1.0,
        0.9889819025993347,
        0.9995592832565308
    ],
    "val_loss": [
        0.03905446082353592,
        0.08427149057388306,
        0.03740374743938446,
        0.003624305361881852,
        0.05846202373504639,
        0.0007575612980872393,
        0.03224274516105652,
        0.002051567891612649
    ]
}