{
    "accuracy": [
        0.013985906727612019,
        0.014505602419376373,
        0.014505602419376373,
        0.014505602419376373,
        0.01423046924173832,
        0.014505602419376373,
        0.014138758182525635,
        0.014505602419376373,
        0.014505602419376373,
        0.014505602419376373
    ],
    "loss": [
        4.866954326629639,
        4.857535362243652,
        4.857161521911621,
        4.856908798217773,
        4.856860637664795,
        4.856813430786133,
        4.85672664642334,
        4.856666088104248,
        4.856689929962158,
        4.8566179275512695
    ],
    "val_accuracy": [
        0.015425297431647778,
        0.015425297431647778,
        0.015425297431647778,
        0.015425297431647778,
        0.015425297431647778,
        0.015425297431647778,
        0.015425297431647778,
        0.015425297431647778,
        0.015425297431647778,
        0.015425297431647778
    ],
    "val_loss": [
        4.85947322845459,
        4.858408451080322,
        4.858896732330322,
        4.858402729034424,
        4.858702659606934,
        4.85809326171875,
        4.857895851135254,
        4.857702255249023,
        4.858316898345947,
        4.858236789703369
    ]
}