{
    "accuracy": [
        0.35939958691596985,
        0.5604451298713684,
        0.6045427322387695,
        0.6315210461616516,
        0.6577656269073486,
        0.6710484027862549,
        0.6864252686500549,
        0.6988368034362793,
        0.7047063112258911,
        0.7164605855941772,
        0.7226357460021973,
        0.7310884594917297,
        0.7371261119842529
    ],
    "loss": [
        2.4066922664642334,
        1.4881911277770996,
        1.314244031906128,
        1.2160767316818237,
        1.1373934745788574,
        1.0835394859313965,
        1.031563639640808,
        0.9905084371566772,
        0.9609363675117493,
        0.9281120896339417,
        0.8994075655937195,
        0.88086998462677,
        0.8546894788742065
    ],
    "val_accuracy": [
        0.5284266471862793,
        0.5901278257369995,
        0.5940943360328674,
        0.6077567338943481,
        0.662406325340271,
        0.6848832368850708,
        0.7100043892860413,
        0.7122080326080322,
        0.7078008055686951,
        0.7011899352073669,
        0.7518730759620667,
        0.7214632034301758,
        0.7346848845481873
    ],
    "val_loss": [
        1.6120563745498657,
        1.3556040525436401,
        1.2733838558197021,
        1.2114858627319336,
        1.116362452507019,
        1.0575881004333496,
        0.9911293983459473,
        0.9464715719223022,
        0.9459066390991211,
        0.9271409511566162,
        0.8561047911643982,
        0.8720586895942688,
        0.8812109231948853
    ]
}