{
    "accuracy": [
        0.7334729433059692,
        0.93228679895401,
        0.9569112062454224,
        0.9631169438362122
    ],
    "loss": [
        0.9913555383682251,
        0.20575807988643646,
        0.1303563117980957,
        0.10963612794876099
    ],
    "val_accuracy": [
        0.914059042930603,
        0.9532833695411682,
        0.9312472343444824,
        0.9312472343444824
    ],
    "val_loss": [
        0.2537584602832794,
        0.1422262042760849,
        0.16598168015480042,
        0.21621118485927582
    ]
}