{
    "accuracy": [
        0.7141830921173096,
        0.9276707172393799,
        0.94998699426651,
        0.9578741192817688,
        0.9647983312606812,
        0.9708206653594971,
        0.9757883548736572,
        0.97344970703125,
        0.9779741168022156
    ],
    "loss": [
        1.0562864542007446,
        0.22478142380714417,
        0.1478738933801651,
        0.12525570392608643,
        0.10290481150150299,
        0.08726363629102707,
        0.07594913989305496,
        0.08347150683403015,
        0.0717434361577034
    ],
    "val_accuracy": [
        0.8907007575035095,
        0.9352137446403503,
        0.9550462961196899,
        0.973556637763977,
        0.9673864841461182,
        0.9709122776985168,
        0.9867783188819885,
        0.9801674485206604,
        0.9867783188819885
    ],
    "val_loss": [
        0.32531318068504333,
        0.1895846277475357,
        0.11430319398641586,
        0.07684873044490814,
        0.08563538640737534,
        0.0756041631102562,
        0.0419253334403038,
        0.06717808544635773,
        0.04257706552743912
    ]
}