{
    "accuracy": [
        0.6775598526000977,
        0.8984454870223999,
        0.9216024875640869,
        0.9342585802078247,
        0.9482445120811462,
        0.9520657658576965,
        0.9569570422172546,
        0.9594790935516357,
        0.9651651382446289,
        0.9672592282295227,
        0.9679011702537537,
        0.9711569547653198
    ],
    "loss": [
        1.1566987037658691,
        0.31514206528663635,
        0.2324684113264084,
        0.194435715675354,
        0.1518900990486145,
        0.14119504392147064,
        0.12681844830513,
        0.12031672894954681,
        0.10685619711875916,
        0.0987279936671257,
        0.09516463428735733,
        0.0883449986577034
    ],
    "val_accuracy": [
        0.8479506373405457,
        0.893785834312439,
        0.926399290561676,
        0.9228734970092773,
        0.9352137446403503,
        0.9409431219100952,
        0.9603349566459656,
        0.9559277296066284,
        0.9625385403633118,
        0.9823710918426514,
        0.962979257106781,
        0.9744380712509155
    ],
    "val_loss": [
        0.4498554766178131,
        0.3232392966747284,
        0.21682114899158478,
        0.2231048047542572,
        0.19034795463085175,
        0.18063223361968994,
        0.12236696481704712,
        0.13377507030963898,
        0.09988930821418762,
        0.06320421397686005,
        0.10856355726718903,
        0.08888506889343262
    ]
}