{
    "accuracy": [
        0.050226982682943344,
        0.09255155175924301,
        0.1222047284245491,
        0.13799428939819336,
        0.1529584378004074,
        0.16394846141338348,
        0.17016951739788055,
        0.17704783380031586,
        0.18212249875068665,
        0.18785442411899567,
        0.1959555447101593,
        0.19908900558948517,
        0.20040352642536163,
        0.20501963794231415,
        0.21159225702285767,
        0.21200495958328247,
        0.2149244099855423,
        0.21613194048404694,
        0.2185470014810562,
        0.2206563502550125
    ],
    "loss": [
        3.896399974822998,
        3.434502363204956,
        3.288187265396118,
        3.195256471633911,
        3.11899733543396,
        3.0593154430389404,
        3.0155837535858154,
        2.97174334526062,
        2.93355655670166,
        2.9019553661346436,
        2.871469020843506,
        2.8493542671203613,
        2.8267340660095215,
        2.801361560821533,
        2.7802507877349854,
        2.7638134956359863,
        2.7443900108337402,
        2.7319185733795166,
        2.7141544818878174,
        2.701251983642578
    ],
    "val_accuracy": [
        0.06963419914245605,
        0.10577347129583359,
        0.1304539442062378,
        0.14940501749515533,
        0.16438959538936615,
        0.1784927248954773,
        0.18378140032291412,
        0.18642574548721313,
        0.18422211706638336,
        0.19171440601348877,
        0.21110621094703674,
        0.18686646223068237,
        0.19259585440158844,
        0.22124284505844116,
        0.17540766298770905,
        0.20405465364456177,
        0.2031732052564621,
        0.23490524291992188,
        0.19391801953315735,
        0.20096959173679352
    ],
    "val_loss": [
        3.530404806137085,
        3.363783121109009,
        3.222964286804199,
        3.156369924545288,
        3.0623741149902344,
        3.035534381866455,
        3.001539468765259,
        2.9328973293304443,
        2.9250757694244385,
        2.8712105751037598,
        2.8287949562072754,
        2.802334785461426,
        2.8492560386657715,
        2.767078161239624,
        3.019324541091919,
        2.754643440246582,
        2.734855890274048,
        2.6766695976257324,
        2.7965335845947266,
        2.6888444423675537
    ]
}