{
    "accuracy": [
        0.7662595510482788,
        0.9379575848579407,
        0.9609617590904236,
        0.9648900032043457,
        0.9722421765327454,
        0.975161612033844,
        0.977225124835968
    ],
    "loss": [
        0.8359086513519287,
        0.1867142915725708,
        0.11965695023536682,
        0.11182976514101028,
        0.08960328996181488,
        0.08368691056966782,
        0.0810900554060936
    ],
    "val_accuracy": [
        0.928162157535553,
        0.9475539922714233,
        0.9272807240486145,
        0.9625385403633118,
        0.9647421836853027,
        0.9660643339157104,
        0.9127368927001953
    ],
    "val_loss": [
        0.2175237238407135,
        0.14326393604278564,
        0.23947589099407196,
        0.12070085108280182,
        0.0916333943605423,
        0.10805438458919525,
        0.3359801769256592
    ]
}