{
    "accuracy": [
        0.02635158970952034,
        0.0355379618704319,
        0.0383504256606102,
        0.04229399561882019,
        0.045687295496463776,
        0.04879017919301987,
        0.05033398047089577,
        0.053987130522727966,
        0.054858382791280746,
        0.05430811643600464,
        0.05614233389496803,
        0.05898537114262581,
        0.05704415962100029,
        0.05840453505516052,
        0.060620881617069244,
        0.05996362119913101,
        0.059046514332294464,
        0.05999419093132019,
        0.06389190256595612,
        0.0615227073431015,
        0.06299007683992386,
        0.06324993073940277,
        0.06315821409225464,
        0.06477843970060349,
        0.06453388184309006,
        0.06421288847923279,
        0.06516057252883911,
        0.06641395390033722,
        0.0656038373708725,
        0.06754505634307861,
        0.06708649545907974
    ],
    "loss": [
        4.4526214599609375,
        4.238259792327881,
        4.146131992340088,
        4.0883097648620605,
        4.041839599609375,
        4.008153915405273,
        3.9794914722442627,
        3.956907033920288,
        3.9362733364105225,
        3.9219601154327393,
        3.900796890258789,
        3.8838701248168945,
        3.8746731281280518,
        3.8659565448760986,
        3.8546409606933594,
        3.8489885330200195,
        3.8421506881713867,
        3.828193426132202,
        3.818857431411743,
        3.810675859451294,
        3.8122589588165283,
        3.8019187450408936,
        3.7838733196258545,
        3.7811267375946045,
        3.7790725231170654,
        3.775062084197998,
        3.7698655128479004,
        3.7517178058624268,
        3.7559092044830322,
        3.745191812515259,
        3.748271942138672
    ],
    "val_accuracy": [
        0.029528426006436348,
        0.03790215775370598,
        0.044513002038002014,
        0.04275010898709297,
        0.04671661555767059,
        0.05156456679105759,
        0.05464962497353554,
        0.0542089007794857,
        0.05112384259700775,
        0.04671661555767059,
        0.07404142618179321,
        0.06610842049121857,
        0.06787130981683731,
        0.05553106963634491,
        0.04847950488328934,
        0.05861613154411316,
        0.06346408277750015,
        0.06390480697154999,
        0.06787130981683731,
        0.062141913920640945,
        0.05641251802444458,
        0.059938300400972366,
        0.06743058562278748,
        0.06258263438940048,
        0.05509034916758537,
        0.06919347494840622,
        0.06302335858345032,
        0.0713970884680748,
        0.06698986142873764,
        0.08109299093484879,
        0.06787130981683731
    ],
    "val_loss": [
        4.304882526397705,
        4.198582172393799,
        4.112732887268066,
        4.067517280578613,
        4.021597385406494,
        4.002248764038086,
        3.972139358520508,
        3.9415950775146484,
        3.9295339584350586,
        3.9309158325195312,
        3.8916914463043213,
        3.884162187576294,
        3.8691482543945312,
        3.8581526279449463,
        3.9694838523864746,
        3.8448987007141113,
        3.822171449661255,
        3.8166377544403076,
        3.8443546295166016,
        3.8145077228546143,
        3.8071463108062744,
        3.7885799407958984,
        3.8297712802886963,
        3.784653663635254,
        3.8707218170166016,
        3.784261465072632,
        3.766692876815796,
        3.7584710121154785,
        3.749107837677002,
        3.755049467086792,
        3.7856945991516113
    ]
}