{
    "accuracy": [
        0.2643260061740875,
        0.527964174747467,
        0.6132400035858154,
        0.656634509563446,
        0.683108389377594,
        0.7036975026130676,
        0.7113094925880432,
        0.7258456349372864,
        0.7391437292098999,
        0.7466334700584412
    ],
    "loss": [
        2.64141845703125,
        1.436712384223938,
        1.1660130023956299,
        1.0238286256790161,
        0.9342864751815796,
        0.8699537515640259,
        0.8333957195281982,
        0.7864665985107422,
        0.751501739025116,
        0.726790726184845
    ],
    "val_accuracy": [
        0.4565888047218323,
        0.5773468613624573,
        0.6130453944206238,
        0.68532395362854,
        0.6932569146156311,
        0.7104451060295105,
        0.7152931094169617,
        0.7523137927055359,
        0.711767315864563,
        0.7399735450744629
    ],
    "val_loss": [
        1.6961795091629028,
        1.2984821796417236,
        1.1258670091629028,
        0.9613066911697388,
        0.8753696084022522,
        0.8488803505897522,
        0.8025112152099609,
        0.7203167676925659,
        0.8132036924362183,
        0.738606333732605
    ]
}