{
    "accuracy": [
        0.33703744411468506,
        0.6345780491828918,
        0.7214282155036926,
        0.7722819447517395,
        0.7976247072219849,
        0.8177704811096191,
        0.8323372602462769,
        0.8451003432273865,
        0.8516729474067688,
        0.8600186705589294,
        0.8662855625152588,
        0.8724607825279236,
        0.8795225024223328
    ],
    "loss": [
        2.5877158641815186,
        1.2511993646621704,
        0.9620933532714844,
        0.8030593395233154,
        0.7058873772621155,
        0.634066641330719,
        0.583674430847168,
        0.5382351875305176,
        0.5081192851066589,
        0.4779353439807892,
        0.4523142874240875,
        0.42717432975769043,
        0.40304121375083923
    ],
    "val_accuracy": [
        0.5676509737968445,
        0.7069193720817566,
        0.7620096802711487,
        0.8060819506645203,
        0.7941824793815613,
        0.8417805433273315,
        0.8193036317825317,
        0.8479506373405457,
        0.8739532828330994,
        0.8554429411888123,
        0.8708682060241699,
        0.8642573952674866,
        0.8642573952674866
    ],
    "val_loss": [
        1.4424834251403809,
        1.0085142850875854,
        0.8087090253829956,
        0.6934970617294312,
        0.673025906085968,
        0.5605819225311279,
        0.5797643065452576,
        0.5128486156463623,
        0.44775789976119995,
        0.4553787112236023,
        0.41300827264785767,
        0.4493750333786011,
        0.42447036504745483
    ]
}