{
    "accuracy": [
        0.7361783981323242,
        0.9302997589111328,
        0.9527077674865723,
        0.9631016850471497,
        0.9697354435920715,
        0.9717988967895508,
        0.9753909111022949,
        0.9791663289070129
    ],
    "loss": [
        0.9695864915847778,
        0.20825137197971344,
        0.1422766000032425,
        0.11256789416074753,
        0.09053438901901245,
        0.08571059256792068,
        0.07724837213754654,
        0.06685899943113327
    ],
    "val_accuracy": [
        0.889819324016571,
        0.9105332493782043,
        0.9854561686515808,
        0.9863376021385193,
        0.9704715609550476,
        0.9907448291778564,
        0.9854561686515808,
        0.9836932420730591
    ],
    "val_loss": [
        0.3052195906639099,
        0.26000645756721497,
        0.05360463634133339,
        0.04373718425631523,
        0.0813947394490242,
        0.03235337510704994,
        0.04475743696093559,
        0.03972914069890976
    ]
}