{
    "accuracy": [
        0.6028919219970703,
        0.8512144088745117,
        0.8880974650382996,
        0.9076012969017029,
        0.9212815165519714,
        0.9315683841705322
    ],
    "loss": [
        1.3959376811981201,
        0.44912683963775635,
        0.3266032636165619,
        0.26521334052085876,
        0.224413201212883,
        0.1951133757829666
    ],
    "val_accuracy": [
        0.8373733162879944,
        0.9114147424697876,
        0.9241957068443298,
        0.9435874819755554,
        0.9167034029960632,
        0.9325693845748901
    ],
    "val_loss": [
        0.5053223371505737,
        0.2826565206050873,
        0.23159575462341309,
        0.18438361585140228,
        0.22169660031795502,
        0.20019002258777618
    ]
}