{
    "accuracy": [
        0.4691622257232666,
        0.6837503910064697,
        0.7360867261886597,
        0.7694082856178284,
        0.7984806299209595,
        0.8168992400169373,
        0.8321385383605957,
        0.8490744829177856,
        0.8563960790634155,
        0.8670498132705688,
        0.8734695911407471,
        0.8802103400230408,
        0.8843678832054138,
        0.8916283249855042
    ],
    "loss": [
        1.8616423606872559,
        0.9697347283363342,
        0.7965066432952881,
        0.6930022835731506,
        0.6167327165603638,
        0.5629258155822754,
        0.513654887676239,
        0.4643668234348297,
        0.4393880367279053,
        0.40645334124565125,
        0.38654428720474243,
        0.366595596075058,
        0.3519526422023773,
        0.32877668738365173
    ],
    "val_accuracy": [
        0.6394887566566467,
        0.7086822390556335,
        0.7536359429359436,
        0.7712648510932922,
        0.8065227270126343,
        0.8007932901382446,
        0.7999118566513062,
        0.8417805433273315,
        0.8356103897094727,
        0.8558836579322815,
        0.820185124874115,
        0.8929043412208557,
        0.8942265510559082,
        0.8620537519454956
    ],
    "val_loss": [
        1.1264970302581787,
        0.8619792461395264,
        0.7634992599487305,
        0.6934193968772888,
        0.5777460336685181,
        0.5754976272583008,
        0.5820121169090271,
        0.5006235241889954,
        0.48214006423950195,
        0.45146119594573975,
        0.5223302841186523,
        0.31697946786880493,
        0.3257104158401489,
        0.38254314661026
    ]
}