{
    "accuracy": [
        0.33451539278030396,
        0.545282244682312,
        0.5917032361030579,
        0.6281276941299438,
        0.6538373231887817,
        0.677040159702301,
        0.6949849724769592,
        0.7123488783836365,
        0.7280619740486145,
        0.7376610636711121,
        0.7477339506149292,
        0.7567980885505676,
        0.7630497217178345,
        0.7744065523147583,
        0.7782278656959534,
        0.7868639230728149,
        0.7911437749862671,
        0.7935435771942139,
        0.8016599416732788,
        0.8054506778717041,
        0.8108157515525818,
        0.8155847191810608,
        0.8188557624816895,
        0.8225394487380981,
        0.8263149261474609,
        0.8282561302185059,
        0.8292496800422668
    ],
    "loss": [
        2.4391965866088867,
        1.4739000797271729,
        1.2890033721923828,
        1.1764111518859863,
        1.092164397239685,
        1.0189272165298462,
        0.9615193009376526,
        0.9110007286071777,
        0.86325603723526,
        0.8269448280334473,
        0.7972947359085083,
        0.7669481039047241,
        0.7430511713027954,
        0.7089065313339233,
        0.6972208619117737,
        0.6739636659622192,
        0.6572254300117493,
        0.6445303559303284,
        0.6226447224617004,
        0.611564576625824,
        0.5973491668701172,
        0.5846671462059021,
        0.5722519159317017,
        0.5604117512702942,
        0.5460483431816101,
        0.5396411418914795,
        0.534875214099884
    ],
    "val_accuracy": [
        0.5063904523849487,
        0.5702952742576599,
        0.6077567338943481,
        0.638166606426239,
        0.6474217772483826,
        0.6535918712615967,
        0.7047157287597656,
        0.7192595601081848,
        0.7263111472129822,
        0.7324812412261963,
        0.7646540403366089,
        0.769061267375946,
        0.7752313613891602,
        0.7624503970146179,
        0.7769942879676819,
        0.7963860630989075,
        0.7897752523422241,
        0.7752313613891602,
        0.8034376502037048,
        0.7818422317504883,
        0.793741762638092,
        0.7968267798423767,
        0.8104891777038574,
        0.8082855939865112,
        0.8250330686569214,
        0.8166593313217163,
        0.8091670274734497
    ],
    "val_loss": [
        1.6240088939666748,
        1.3946400880813599,
        1.2182831764221191,
        1.1775710582733154,
        1.0849766731262207,
        1.0368616580963135,
        0.9576943516731262,
        0.9110302925109863,
        0.8792219161987305,
        0.828373372554779,
        0.7983744740486145,
        0.7473949193954468,
        0.7374670505523682,
        0.752541720867157,
        0.7072073817253113,
        0.6800941824913025,
        0.6740800142288208,
        0.694444477558136,
        0.6491780877113342,
        0.7252231240272522,
        0.6476476192474365,
        0.6409077644348145,
        0.5955575108528137,
        0.6103266477584839,
        0.5649003982543945,
        0.6035817861557007,
        0.5858396887779236
    ]
}