{
    "accuracy": [
        0.7380279302597046,
        0.9290463328361511,
        0.9538847208023071,
        0.9643856287002563,
        0.9677177667617798
    ],
    "loss": [
        0.92779541015625,
        0.2091616988182068,
        0.13671408593654633,
        0.10875582695007324,
        0.10112272948026657
    ],
    "val_accuracy": [
        0.9189069867134094,
        0.9479947090148926,
        0.9792860150337219,
        0.9149404764175415,
        0.9665050506591797
    ],
    "val_loss": [
        0.23626385629177094,
        0.15353281795978546,
        0.06984499841928482,
        0.27663102746009827,
        0.11775650829076767
    ]
}