{
    "accuracy": [
        0.01421518437564373,
        0.014612598344683647,
        0.014612598344683647,
        0.014612598344683647,
        0.014612598344683647,
        0.014612598344683647
    ],
    "loss": [
        4.868248462677002,
        4.8581767082214355,
        4.856654167175293,
        4.8563127517700195,
        4.8561882972717285,
        4.856133460998535
    ],
    "val_accuracy": [
        0.012340238317847252,
        0.012340238317847252,
        0.012340238317847252,
        0.012340238317847252,
        0.012340238317847252,
        0.012340238317847252
    ],
    "val_loss": [
        4.866111755371094,
        4.865389347076416,
        4.865472316741943,
        4.86535120010376,
        4.865599155426025,
        4.865626335144043
    ]
}