{
    "accuracy": [
        0.23138651251792908,
        0.46613577008247375,
        0.5649542212486267,
        0.6341500878334045,
        0.681427001953125,
        0.7232624888420105,
        0.7530531883239746,
        0.7802913188934326,
        0.7983125448226929,
        0.8169145584106445,
        0.8370144963264465,
        0.8449169397354126,
        0.8597435355186462,
        0.8714366555213928,
        0.8780550956726074
    ],
    "loss": [
        2.9134888648986816,
        1.731105089187622,
        1.3360965251922607,
        1.1165287494659424,
        0.976273775100708,
        0.8598343729972839,
        0.7682333588600159,
        0.6988380551338196,
        0.6416480541229248,
        0.596352756023407,
        0.5385497808456421,
        0.508220911026001,
        0.47034892439842224,
        0.4355424642562866,
        0.4166117012500763
    ],
    "val_accuracy": [
        0.3697664141654968,
        0.5204936265945435,
        0.6148082613945007,
        0.6355222463607788,
        0.6800352334976196,
        0.7712648510932922,
        0.7205817699432373,
        0.8171000480651855,
        0.8140149712562561,
        0.7959453463554382,
        0.8589687347412109,
        0.8157778978347778,
        0.9061260223388672,
        0.8620537519454956,
        0.8884971141815186
    ],
    "val_loss": [
        2.048607587814331,
        1.4746757745742798,
        1.1958578824996948,
        1.1349506378173828,
        0.9464238882064819,
        0.795859158039093,
        0.8293728828430176,
        0.6302509307861328,
        0.6148521900177002,
        0.6054186820983887,
        0.481766015291214,
        0.5364230871200562,
        0.3546868562698364,
        0.45753222703933716,
        0.3654673099517822
    ]
}