{
    "accuracy": [
        0.8122372627258301,
        0.9799458980560303,
        0.9865796566009521,
        0.9883374571800232,
        0.991455614566803,
        0.9931828379631042,
        0.9933815598487854,
        0.992831289768219,
        0.9933356642723083
    ],
    "loss": [
        0.7394347786903381,
        0.06657234579324722,
        0.044310156255960464,
        0.039210282266139984,
        0.03136708587408066,
        0.022601768374443054,
        0.025199318304657936,
        0.024659382179379463,
        0.026069436222314835
    ],
    "val_accuracy": [
        0.9572498798370361,
        0.9828118085861206,
        0.9955927729606628,
        0.9806082248687744,
        0.9942706227302551,
        0.9951520562171936,
        0.9995592832565308,
        0.9995592832565308,
        0.9995592832565308
    ],
    "val_loss": [
        0.11985104531049728,
        0.04236820712685585,
        0.016452590003609657,
        0.06758873164653778,
        0.013275577686727047,
        0.01882638968527317,
        0.0012153958668932319,
        0.0031290389597415924,
        0.0020069919992238283
    ]
}