{
    "accuracy": [
        0.2273970991373062,
        0.41234734654426575,
        0.5015361309051514,
        0.5667120218276978,
        0.6178408265113831,
        0.659645676612854,
        0.688488781452179,
        0.7147180438041687,
        0.7377527952194214,
        0.7562478184700012,
        0.7741467356681824,
        0.7926111817359924,
        0.8002384305000305
    ],
    "loss": [
        2.815480947494507,
        1.8449736833572388,
        1.5436567068099976,
        1.354153037071228,
        1.2061872482299805,
        1.079050064086914,
        0.9899035692214966,
        0.9097027778625488,
        0.8427913784980774,
        0.7854455709457397,
        0.730919599533081,
        0.6728578805923462,
        0.6468662023544312
    ],
    "val_accuracy": [
        0.3803437650203705,
        0.49096518754959106,
        0.5156456828117371,
        0.60114586353302,
        0.6597620248794556,
        0.6619656085968018,
        0.6716614961624146,
        0.6716614961624146,
        0.6734244227409363,
        0.7364477515220642,
        0.793741762638092,
        0.7174966931343079,
        0.7946231961250305
    ],
    "val_loss": [
        1.995448350906372,
        1.6436647176742554,
        1.4714592695236206,
        1.269394874572754,
        1.1161961555480957,
        1.0444730520248413,
        1.015863060951233,
        0.9740514755249023,
        1.0297348499298096,
        0.8131294846534729,
        0.6808716654777527,
        0.8576839566230774,
        0.6905226707458496
    ]
}