{
    "accuracy": [
        0.7722360491752625,
        0.9719823598861694,
        0.9806031584739685,
        0.9857542514801025,
        0.9910581707954407
    ],
    "loss": [
        0.8801349997520447,
        0.08832542598247528,
        0.062308311462402344,
        0.04705827683210373,
        0.0315091647207737
    ],
    "val_accuracy": [
        0.9731159210205078,
        0.9916262626647949,
        0.9925076961517334,
        0.9911855459213257,
        0.9881004691123962
    ],
    "val_loss": [
        0.0875035971403122,
        0.03270633518695831,
        0.02378612942993641,
        0.02747231349349022,
        0.027470216155052185
    ]
}