{
    "accuracy": [
        0.37454718351364136,
        0.7243171334266663,
        0.8307170271873474,
        0.8804395794868469,
        0.912140965461731,
        0.9323937892913818,
        0.9435977935791016,
        0.9498188495635986,
        0.9587454199790955,
        0.9617412686347961,
        0.9682222008705139,
        0.9674885272979736,
        0.9736484289169312,
        0.9744585156440735,
        0.9766748547554016,
        0.9731134176254272,
        0.9793344736099243
    ],
    "loss": [
        2.249586582183838,
        0.8449772596359253,
        0.5194358229637146,
        0.3698635697364807,
        0.27684837579727173,
        0.21595464646816254,
        0.18098096549510956,
        0.16270284354686737,
        0.1348382830619812,
        0.12800736725330353,
        0.10324803739786148,
        0.11000587046146393,
        0.08987396955490112,
        0.08570760488510132,
        0.08092566579580307,
        0.09290044009685516,
        0.07231644541025162
    ],
    "val_accuracy": [
        0.639929473400116,
        0.8052005171775818,
        0.852798581123352,
        0.9092110991477966,
        0.9259585738182068,
        0.9012780785560608,
        0.9656236171722412,
        0.9457911252975464,
        0.9717937707901001,
        0.9748787879943848,
        0.9819303750991821,
        0.9832525253295898,
        0.9854561686515808,
        0.973556637763977,
        0.9929484128952026,
        0.9673864841461182,
        0.9541648030281067
    ],
    "val_loss": [
        1.1175713539123535,
        0.6519888043403625,
        0.4496806561946869,
        0.2944090664386749,
        0.255021870136261,
        0.2685101628303528,
        0.13049565255641937,
        0.16983258724212646,
        0.0949469655752182,
        0.08411169797182083,
        0.0722610354423523,
        0.06054740771651268,
        0.05035039782524109,
        0.08092862367630005,
        0.03178659453988075,
        0.18662111461162567,
        0.1419912576675415
    ]
}