{
    "accuracy": [
        0.19367806613445282,
        0.36346545815467834,
        0.440624862909317,
        0.49002644419670105,
        0.5319841504096985,
        0.5622334480285645,
        0.5917643904685974,
        0.6173669695854187,
        0.6362594366073608,
        0.6558855175971985,
        0.6678690910339355,
        0.6847133040428162,
        0.6984546780586243,
        0.7115846276283264,
        0.7221160531044006,
        0.7366675138473511,
        0.7432401180267334,
        0.7486510872840881,
        0.7579138875007629,
        0.7661373019218445,
        0.7794964909553528,
        0.7821102738380432,
        0.788239598274231
    ],
    "loss": [
        2.9801578521728516,
        2.012932062149048,
        1.7684270143508911,
        1.6039776802062988,
        1.4693816900253296,
        1.3633006811141968,
        1.281143069267273,
        1.199747920036316,
        1.140113353729248,
        1.0776702165603638,
        1.0332211256027222,
        0.9843116402626038,
        0.9404836893081665,
        0.9022659063339233,
        0.87395840883255,
        0.8342345356941223,
        0.8115880489349365,
        0.7843983173370361,
        0.7580105662345886,
        0.7426128387451172,
        0.7052149176597595,
        0.6894127726554871,
        0.6727662086486816
    ],
    "val_accuracy": [
        0.2992507815361023,
        0.41075363755226135,
        0.4689290523529053,
        0.5028647184371948,
        0.5632437467575073,
        0.5350374579429626,
        0.5914499759674072,
        0.6240634918212891,
        0.6170119047164917,
        0.6588805913925171,
        0.6602027416229248,
        0.6967827081680298,
        0.6738651394844055,
        0.662406325340271,
        0.7038342952728271,
        0.6698986291885376,
        0.7179374098777771,
        0.7408549785614014,
        0.7364477515220642,
        0.748347282409668,
        0.7858087420463562,
        0.6778316497802734,
        0.769061267375946
    ],
    "val_loss": [
        2.2303617000579834,
        1.8991349935531616,
        1.7118587493896484,
        1.5503008365631104,
        1.418602466583252,
        1.4288334846496582,
        1.265252709388733,
        1.231479287147522,
        1.1644105911254883,
        1.1279951333999634,
        1.047868013381958,
        1.004281759262085,
        0.9960319995880127,
        1.0549507141113281,
        0.9379169344902039,
        0.9885657429695129,
        0.8883314728736877,
        0.8176769018173218,
        0.8264914155006409,
        0.8123629093170166,
        0.7212212085723877,
        1.0757184028625488,
        0.729210615158081
    ]
}