{
    "accuracy": [
        0.750133752822876,
        0.9657765626907349,
        0.9811228513717651,
        0.984745442867279,
        0.9872521758079529,
        0.9874203205108643
    ],
    "loss": [
        0.9732141494750977,
        0.10933952778577805,
        0.06171653792262077,
        0.05246308818459511,
        0.04292551055550575,
        0.0417821928858757
    ],
    "val_accuracy": [
        0.9435874819755554,
        0.9854561686515808,
        0.9920669794082642,
        0.9973556399345398,
        0.987659752368927,
        0.9801674485206604
    ],
    "val_loss": [
        0.18501369655132294,
        0.06061207130551338,
        0.03237392008304596,
        0.007404661271721125,
        0.05674538016319275,
        0.06704387068748474
    ]
}