{
    "accuracy": [
        0.14997783303260803,
        0.40517860651016235,
        0.5766779184341431,
        0.790073812007904,
        0.8666982650756836,
        0.9052015542984009,
        0.9314613938331604,
        0.9457377195358276,
        0.9560399055480957,
        0.9650123119354248,
        0.9683138728141785,
        0.9725173115730286,
        0.9733273983001709,
        0.9800834655761719,
        0.9776989817619324,
        0.9810158610343933,
        0.9859376549720764
    ],
    "loss": [
        3.4404828548431396,
        2.0168962478637695,
        1.3845267295837402,
        0.686096727848053,
        0.4595947265625,
        0.3328435719013214,
        0.24770738184452057,
        0.201299786567688,
        0.16560538113117218,
        0.13620033860206604,
        0.12493456155061722,
        0.10759622603654861,
        0.10254376381635666,
        0.07940670102834702,
        0.08681293576955795,
        0.0737268254160881,
        0.06114193797111511
    ],
    "val_accuracy": [
        0.28514763712882996,
        0.4874393939971924,
        0.7113265991210938,
        0.8435434103012085,
        0.8752754330635071,
        0.930365800857544,
        0.9356544613838196,
        0.9682679772377014,
        0.9012780785560608,
        0.9722344875335693,
        0.9744380712509155,
        0.9744380712509155,
        0.9916262626647949,
        0.9660643339157104,
        0.9929484128952026,
        0.9938299059867859,
        0.9731159210205078
    ],
    "val_loss": [
        2.390824794769287,
        1.6780744791030884,
        0.9085248708724976,
        0.5571883320808411,
        0.39794984459877014,
        0.2581304609775543,
        0.21885204315185547,
        0.13990800082683563,
        0.323053777217865,
        0.11561543494462967,
        0.12591330707073212,
        0.10182234644889832,
        0.05391273647546768,
        0.1167810708284378,
        0.03631126135587692,
        0.036429472267627716,
        0.09111206233501434
    ]
}