{
    "accuracy": [
        0.8045641183853149,
        0.9772709608078003,
        0.9842410087585449,
        0.990538477897644,
        0.9895449876785278,
        0.9932592511177063
    ],
    "loss": [
        0.7615619897842407,
        0.07418813556432724,
        0.05233246833086014,
        0.031719911843538284,
        0.03770681470632553,
        0.02351062372326851
    ],
    "val_accuracy": [
        0.9475539922714233,
        0.9867783188819885,
        0.9784045815467834,
        0.9986778497695923,
        0.9964742064476013,
        0.9964742064476013
    ],
    "val_loss": [
        0.16437506675720215,
        0.04725917801260948,
        0.14013074338436127,
        0.0029567270539700985,
        0.009806088171899319,
        0.015259318985044956
    ]
}