{
    "accuracy": [
        0.06523699313402176,
        0.35574644804000854,
        0.5106613636016846,
        0.5822264552116394,
        0.6317044496536255,
        0.6747015714645386,
        0.7016339898109436,
        0.730110228061676,
        0.7484676837921143,
        0.7767298817634583,
        0.7953472137451172,
        0.8090579509735107
    ],
    "loss": [
        4.137754917144775,
        2.1705615520477295,
        1.5945907831192017,
        1.3465676307678223,
        1.183744192123413,
        1.0542410612106323,
        0.9624467492103577,
        0.8668563961982727,
        0.8075729608535767,
        0.727976381778717,
        0.6711455583572388,
        0.6248972415924072
    ],
    "val_accuracy": [
        0.21639488637447357,
        0.44997796416282654,
        0.5486998558044434,
        0.6421331167221069,
        0.6857646703720093,
        0.7130894660949707,
        0.7051564455032349,
        0.7386513948440552,
        0.7827236652374268,
        0.7985897064208984,
        0.7355663180351257,
        0.7880123257637024
    ],
    "val_loss": [
        2.8380818367004395,
        1.7803202867507935,
        1.416905164718628,
        1.2057366371154785,
        1.06234872341156,
        0.9303937554359436,
        0.9320427179336548,
        0.8268846869468689,
        0.7182732820510864,
        0.6626282930374146,
        0.8416934609413147,
        0.6942175030708313
    ]
}