{
    "accuracy": [
        0.7166593074798584,
        0.9569112062454224,
        0.9759564399719238,
        0.9821469783782959,
        0.9871757626533508
    ],
    "loss": [
        1.0593541860580444,
        0.130863219499588,
        0.07433541119098663,
        0.05501087009906769,
        0.04135385900735855
    ],
    "val_accuracy": [
        0.948876142501831,
        0.977523148059845,
        0.9845746755599976,
        0.9766417145729065,
        0.9836932420730591
    ],
    "val_loss": [
        0.16635067760944366,
        0.06314496695995331,
        0.04735275357961655,
        0.0714990571141243,
        0.04983037710189819
    ]
}