{
    "accuracy": [
        0.0743010863661766,
        0.20118306577205658,
        0.8365253806114197,
        0.9547865390777588,
        0.9747030735015869,
        0.9799764752388,
        0.9849288463592529,
        0.9885972738265991
    ],
    "loss": [
        3.9000375270843506,
        2.7998592853546143,
        0.5027032494544983,
        0.15383049845695496,
        0.08732783049345016,
        0.06956525892019272,
        0.05475776270031929,
        0.03949038311839104
    ],
    "val_accuracy": [
        0.12340237945318222,
        0.527545154094696,
        0.9435874819755554,
        0.9576905965805054,
        0.9836932420730591,
        0.9951520562171936,
        0.9814896583557129,
        0.9669457674026489
    ],
    "val_loss": [
        3.1582155227661133,
        1.367933750152588,
        0.20737065374851227,
        0.12568870186805725,
        0.052398573607206345,
        0.019032880663871765,
        0.082125723361969,
        0.12921836972236633
    ]
}