{
    "accuracy": [
        0.5959983468055725,
        0.9158705472946167,
        0.9546489715576172,
        0.9695061445236206,
        0.9767207503318787,
        0.9801293015480042
    ],
    "loss": [
        1.5071319341659546,
        0.2638254165649414,
        0.14145676791667938,
        0.0948977991938591,
        0.07462331652641296,
        0.0604311041533947
    ],
    "val_accuracy": [
        0.8779197931289673,
        0.928602933883667,
        0.9695901274681091,
        0.9903041124343872,
        0.9656236171722412,
        0.9709122776985168
    ],
    "val_loss": [
        0.41751042008399963,
        0.22813303768634796,
        0.10022839903831482,
        0.039385080337524414,
        0.08567603677511215,
        0.07571961730718613
    ]
}