{
    "accuracy": [
        0.20974275469779968,
        0.37497517466545105,
        0.43440380692481995,
        0.4702627658843994,
        0.4952845275402069,
        0.5216208100318909,
        0.5440747141838074,
        0.5628907084465027,
        0.5862770080566406,
        0.6046650409698486,
        0.6223193407058716,
        0.6373904943466187,
        0.6511471271514893,
        0.669565737247467
    ],
    "loss": [
        2.8163938522338867,
        1.8739196062088013,
        1.6667369604110718,
        1.5445963144302368,
        1.4537407159805298,
        1.383400797843933,
        1.3152626752853394,
        1.2590041160583496,
        1.2092443704605103,
        1.1596205234527588,
        1.1158933639526367,
        1.0726457834243774,
        1.039211630821228,
        0.9843930006027222
    ],
    "val_accuracy": [
        0.3309828042984009,
        0.4050242304801941,
        0.41824591159820557,
        0.44997796416282654,
        0.47598060965538025,
        0.5253415703773499,
        0.5376818180084229,
        0.5575143098831177,
        0.5861613154411316,
        0.5976200699806213,
        0.6024680733680725,
        0.6390480399131775,
        0.6447774171829224,
        0.5971793532371521
    ],
    "val_loss": [
        2.076585292816162,
        1.785832405090332,
        1.7128019332885742,
        1.5310721397399902,
        1.5188449621200562,
        1.4339637756347656,
        1.325295090675354,
        1.2735759019851685,
        1.1764936447143555,
        1.1559779644012451,
        1.1802383661270142,
        1.069912314414978,
        1.0727959871292114,
        1.157865047454834
    ]
}