{
    "accuracy": [
        0.1902083307504654,
        0.3206670582294464,
        0.3604848384857178,
        0.39406630396842957,
        0.4204026162624359,
        0.4448741376399994,
        0.4624214768409729,
        0.48019808530807495,
        0.4893691837787628,
        0.5043333172798157,
        0.5164850354194641,
        0.5226296782493591,
        0.535132884979248,
        0.5393974781036377,
        0.5449306964874268,
        0.5530165433883667,
        0.5603686571121216,
        0.5652751922607422
    ],
    "loss": [
        3.0007495880126953,
        2.2185401916503906,
        2.0702037811279297,
        1.965297818183899,
        1.8906186819076538,
        1.822270393371582,
        1.7724391222000122,
        1.7221496105194092,
        1.6832948923110962,
        1.6428433656692505,
        1.603041172027588,
        1.5698256492614746,
        1.5363720655441284,
        1.5131402015686035,
        1.4887651205062866,
        1.4624850749969482,
        1.4426696300506592,
        1.4191818237304688
    ],
    "val_accuracy": [
        0.25297486782073975,
        0.3402380049228668,
        0.3657999038696289,
        0.3940061628818512,
        0.45747023820877075,
        0.4460114538669586,
        0.4777435064315796,
        0.5024240016937256,
        0.4874393939971924,
        0.4975760281085968,
        0.5187307000160217,
        0.529748797416687,
        0.5359188914299011,
        0.5156456828117371,
        0.5213750600814819,
        0.554429292678833,
        0.5605993866920471,
        0.553988516330719
    ],
    "val_loss": [
        2.465144395828247,
        2.157205581665039,
        2.0393755435943604,
        1.9795435667037964,
        1.8941417932510376,
        1.811113715171814,
        1.7565524578094482,
        1.7030413150787354,
        1.6941261291503906,
        1.7180304527282715,
        1.5913658142089844,
        1.5792356729507446,
        1.5869066715240479,
        1.5611395835876465,
        1.5500494241714478,
        1.466846227645874,
        1.4877302646636963,
        1.4710133075714111
    ]
}