{
    "accuracy": [
        0.4707060158252716,
        0.7010531425476074,
        0.7503630518913269,
        0.7788086533546448,
        0.7964324355125427,
        0.8095012307167053,
        0.8228299021720886,
        0.832490086555481,
        0.8399645090103149,
        0.8402243852615356,
        0.8535071611404419,
        0.8578023314476013,
        0.8570839166641235,
        0.8676153421401978,
        0.8739128708839417
    ],
    "loss": [
        1.8092464208602905,
        0.8863346576690674,
        0.72862309217453,
        0.6416552066802979,
        0.5818547606468201,
        0.5441301465034485,
        0.5081155300140381,
        0.4815519154071808,
        0.46231353282928467,
        0.45785966515541077,
        0.42169225215911865,
        0.4104492962360382,
        0.4107937216758728,
        0.38411957025527954,
        0.3694593906402588
    ],
    "val_accuracy": [
        0.6460996270179749,
        0.7368884682655334,
        0.7800793051719666,
        0.6086381673812866,
        0.8043190836906433,
        0.8166593313217163,
        0.8492727875709534,
        0.7963860630989075,
        0.8536800146102905,
        0.8197444081306458,
        0.8519171476364136,
        0.8470692038536072,
        0.8633759617805481,
        0.8598501682281494,
        0.8104891777038574
    ],
    "val_loss": [
        1.0775777101516724,
        0.7883970141410828,
        0.6477771401405334,
        1.1981184482574463,
        0.5869165658950806,
        0.5179188251495361,
        0.4481876492500305,
        0.551397979259491,
        0.43564361333847046,
        0.5413720011711121,
        0.4250302314758301,
        0.4425985813140869,
        0.38729068636894226,
        0.3992035984992981,
        0.5465059280395508
    ]
}