{
    "accuracy": [
        0.6995398998260498,
        0.9167571067810059,
        0.9420846104621887,
        0.9539611339569092,
        0.9609158635139465,
        0.9667853713035583,
        0.97001051902771
    ],
    "loss": [
        1.0929381847381592,
        0.24764035642147064,
        0.1723351776599884,
        0.13747267425060272,
        0.11945956200361252,
        0.10171253979206085,
        0.09452404081821442
    ],
    "val_accuracy": [
        0.8977522850036621,
        0.8382547497749329,
        0.965182900428772,
        0.9823710918426514,
        0.9841339588165283,
        0.952842652797699,
        0.9625385403633118
    ],
    "val_loss": [
        0.30245286226272583,
        0.5009983777999878,
        0.11289665102958679,
        0.06509208679199219,
        0.04703957960009575,
        0.1583399921655655,
        0.14118695259094238
    ]
}