{
    "accuracy": [
        0.19124773144721985,
        0.3222414255142212,
        0.3683414161205292,
        0.39940083026885986,
        0.4211210012435913,
        0.44733503460884094,
        0.46527978777885437,
        0.48261314630508423,
        0.5020405650138855,
        0.5196031928062439,
        0.528957724571228,
        0.5421029329299927,
        0.5532152056694031,
        0.565764307975769,
        0.5749506950378418,
        0.5845497846603394
    ],
    "loss": [
        2.8866710662841797,
        2.177947521209717,
        2.0160622596740723,
        1.9004989862442017,
        1.8204039335250854,
        1.743666648864746,
        1.680965542793274,
        1.6259217262268066,
        1.5754870176315308,
        1.5270719528198242,
        1.4930293560028076,
        1.4528107643127441,
        1.425845742225647,
        1.3911352157592773,
        1.3633475303649902,
        1.3413982391357422
    ],
    "val_accuracy": [
        0.27016305923461914,
        0.32437196373939514,
        0.3992948532104492,
        0.3759365379810333,
        0.4085500240325928,
        0.42926397919654846,
        0.4151608645915985,
        0.4914059042930603,
        0.49581313133239746,
        0.5187307000160217,
        0.5187307000160217,
        0.519612193107605,
        0.5641251802444458,
        0.5610401034355164,
        0.5636844635009766,
        0.552225649356842
    ],
    "val_loss": [
        2.321256637573242,
        2.095947742462158,
        1.9396390914916992,
        1.963085651397705,
        1.8774328231811523,
        1.7786062955856323,
        1.7584038972854614,
        1.6118937730789185,
        1.5912580490112305,
        1.512697696685791,
        1.5052368640899658,
        1.482127070426941,
        1.4270455837249756,
        1.3967543840408325,
        1.4099174737930298,
        1.4287042617797852
    ]
}