{
    "accuracy": [
        0.7610320448875427,
        0.9447136521339417,
        0.9554132223129272,
        0.9681457877159119,
        0.9679470658302307
    ],
    "loss": [
        0.8667824268341064,
        0.16580547392368317,
        0.13334929943084717,
        0.098411425948143,
        0.10182756185531616
    ],
    "val_accuracy": [
        0.9356544613838196,
        0.9744380712509155,
        0.9823710918426514,
        0.9620978236198425,
        0.9453503489494324
    ],
    "val_loss": [
        0.20431247353553772,
        0.08968178182840347,
        0.04021317884325981,
        0.0930173471570015,
        0.18105028569698334
    ]
}