{
    "accuracy": [
        0.014154043979942799,
        0.014612598344683647,
        0.014612598344683647,
        0.014612598344683647
    ],
    "loss": [
        4.867366313934326,
        4.857378005981445,
        4.856825351715088,
        4.856665134429932
    ],
    "val_accuracy": [
        0.012340238317847252,
        0.012340238317847252,
        0.012340238317847252,
        0.012340238317847252
    ],
    "val_loss": [
        4.866250038146973,
        4.864602088928223,
        4.865234375,
        4.8654303550720215
    ]
}