{
    "accuracy": [
        0.19844703376293182,
        0.377298504114151,
        0.42596641182899475,
        0.46164193749427795,
        0.48311755061149597,
        0.495574951171875,
        0.51289302110672,
        0.5249835848808289,
        0.5341393947601318,
        0.5431728959083557,
        0.5419653654098511,
        0.5575867891311646
    ],
    "loss": [
        2.843017339706421,
        1.9112281799316406,
        1.7249600887298584,
        1.6013789176940918,
        1.5243021249771118,
        1.4702929258346558,
        1.419032335281372,
        1.3835572004318237,
        1.3550256490707397,
        1.3270293474197388,
        1.3178670406341553,
        1.2761199474334717
    ],
    "val_accuracy": [
        0.3248126804828644,
        0.40590569376945496,
        0.44160422682762146,
        0.47818422317504883,
        0.5019832253456116,
        0.5218157768249512,
        0.5094755291938782,
        0.552225649356842,
        0.49713531136512756,
        0.553988516330719,
        0.5169678330421448,
        0.5231379270553589
    ],
    "val_loss": [
        2.0917627811431885,
        1.7825621366500854,
        1.6524341106414795,
        1.5170528888702393,
        1.4766660928726196,
        1.4266356229782104,
        1.405177354812622,
        1.301072359085083,
        1.4565509557724,
        1.2705060243606567,
        1.4021178483963013,
        1.3611201047897339
    ]
}