{
    "accuracy": [
        0.014520887285470963,
        0.014612598344683647,
        0.014612598344683647,
        0.014612598344683647
    ],
    "loss": [
        4.870267391204834,
        4.858205795288086,
        4.85665225982666,
        4.8563151359558105
    ],
    "val_accuracy": [
        0.012340238317847252,
        0.012340238317847252,
        0.012340238317847252,
        0.012340238317847252
    ],
    "val_loss": [
        4.86614465713501,
        4.865105628967285,
        4.865164756774902,
        4.8651275634765625
    ]
}