{
    "accuracy": [
        0.044311635196208954,
        0.07341454923152924,
        0.0838695839047432,
        0.0885009840130806,
        0.09574614465236664,
        0.0994451493024826,
        0.10048454254865646,
        0.1053452119231224,
        0.10656802356243134,
        0.1068890169262886,
        0.11031288653612137,
        0.11037402600049973,
        0.1122388169169426,
        0.11606010049581528
    ],
    "loss": [
        4.040162086486816,
        3.5343196392059326,
        3.3932981491088867,
        3.3135604858398438,
        3.251268148422241,
        3.19696044921875,
        3.155714273452759,
        3.122264862060547,
        3.0954999923706055,
        3.070659875869751,
        3.0456504821777344,
        3.039461135864258,
        3.0168204307556152,
        3.0013322830200195
    ],
    "val_accuracy": [
        0.07404142618179321,
        0.0665491372346878,
        0.07933010160923004,
        0.08241516351699829,
        0.09739973396062851,
        0.09784045815467834,
        0.0960775688290596,
        0.08814455568790436,
        0.0947553962469101,
        0.10401057451963425,
        0.10929924994707108,
        0.10885852575302124,
        0.10533274710178375,
        0.10268840938806534
    ],
    "val_loss": [
        3.6500229835510254,
        3.4422130584716797,
        3.357846736907959,
        3.295083522796631,
        3.2339820861816406,
        3.258394718170166,
        3.1677849292755127,
        3.1866936683654785,
        3.1272072792053223,
        3.0851263999938965,
        3.0324862003326416,
        3.0284430980682373,
        3.077289342880249,
        3.034043073654175
    ]
}