{
    "accuracy": [
        0.04279840365052223,
        0.0720541700720787,
        0.085550956428051,
        0.0936979353427887,
        0.09913944453001022,
        0.10378613322973251,
        0.10578848421573639,
        0.11017531901597977,
        0.11376732587814331,
        0.11372147500514984,
        0.11690078675746918,
        0.12041636556386948,
        0.11985081434249878,
        0.12043165415525436
    ],
    "loss": [
        4.053553581237793,
        3.587911605834961,
        3.4439008235931396,
        3.3745203018188477,
        3.3305423259735107,
        3.28946590423584,
        3.27262544631958,
        3.2360000610351562,
        3.2146389484405518,
        3.1999268531799316,
        3.1772282123565674,
        3.1607251167297363,
        3.142627000808716,
        3.1284101009368896
    ],
    "val_accuracy": [
        0.06566769629716873,
        0.0788893774151802,
        0.0652269721031189,
        0.0947553962469101,
        0.10445129871368408,
        0.10753636062145233,
        0.09299250692129135,
        0.09695900976657867,
        0.10797708481550217,
        0.12913177907466888,
        0.11635081470012665,
        0.12516526877880096,
        0.09431467950344086,
        0.1145879253745079
    ],
    "val_loss": [
        3.7045061588287354,
        3.546057939529419,
        3.4494547843933105,
        3.404386281967163,
        3.283168315887451,
        3.2801642417907715,
        3.332771062850952,
        3.237025260925293,
        3.314476251602173,
        3.1883914470672607,
        3.196500778198242,
        3.1203508377075195,
        3.304525852203369,
        3.1723310947418213
    ]
}