{
    "accuracy": [
        0.01423046924173832,
        0.014612598344683647,
        0.014612598344683647,
        0.014612598344683647,
        0.014612598344683647,
        0.014612598344683647
    ],
    "loss": [
        4.869295120239258,
        4.858216762542725,
        4.856688499450684,
        4.856316566467285,
        4.856192588806152,
        4.856142520904541
    ],
    "val_accuracy": [
        0.012340238317847252,
        0.012340238317847252,
        0.012340238317847252,
        0.012340238317847252,
        0.012340238317847252,
        0.012340238317847252
    ],
    "val_loss": [
        4.866310119628906,
        4.865230560302734,
        4.8653998374938965,
        4.86517858505249,
        4.865698337554932,
        4.865814208984375
    ]
}