{
    "accuracy": [
        0.013909481465816498,
        0.014612598344683647,
        0.014612598344683647,
        0.014612598344683647
    ],
    "loss": [
        4.870540142059326,
        4.8582282066345215,
        4.8566575050354,
        4.8562912940979
    ],
    "val_accuracy": [
        0.012340238317847252,
        0.012340238317847252,
        0.012340238317847252,
        0.012340238317847252
    ],
    "val_loss": [
        4.866114616394043,
        4.865237712860107,
        4.865612030029297,
        4.865589141845703
    ]
}