{
    "accuracy": [
        0.047613225877285004,
        0.07832107692956924,
        0.09362150728702545,
        0.10124879330396652,
        0.10649160295724869,
        0.11090900748968124,
        0.11468444019556046,
        0.11748161911964417,
        0.12255628407001495,
        0.12468092143535614,
        0.12830349802970886,
        0.13065741956233978,
        0.13155923783779144
    ],
    "loss": [
        3.940579652786255,
        3.400846481323242,
        3.2344915866851807,
        3.141099691390991,
        3.086958169937134,
        3.0323305130004883,
        2.9932680130004883,
        2.9676496982574463,
        2.9361369609832764,
        2.9192516803741455,
        2.8945517539978027,
        2.8794684410095215,
        2.8667874336242676
    ],
    "val_accuracy": [
        0.052886735647916794,
        0.08285588026046753,
        0.09960334748029709,
        0.08461877703666687,
        0.10533274710178375,
        0.08417805284261703,
        0.10312913358211517,
        0.11238431185483932,
        0.12340237945318222,
        0.11855442821979523,
        0.1379462331533432,
        0.1256060004234314,
        0.1194358766078949
    ],
    "val_loss": [
        3.543272018432617,
        3.3100459575653076,
        3.176161527633667,
        3.1994991302490234,
        3.045016050338745,
        3.1915037631988525,
        2.9951751232147217,
        2.9575202465057373,
        2.933403730392456,
        2.923609733581543,
        2.880007743835449,
        2.8999366760253906,
        2.9126949310302734
    ]
}