{
    "accuracy": [
        0.7696223258972168,
        0.941442608833313,
        0.9574461579322815,
        0.9662045240402222
    ],
    "loss": [
        0.8340626955032349,
        0.17880721390247345,
        0.1313745230436325,
        0.10904999822378159
    ],
    "val_accuracy": [
        0.948876142501831,
        0.9704715609550476,
        0.9096518158912659,
        0.9484354257583618
    ],
    "val_loss": [
        0.15761315822601318,
        0.08001118898391724,
        0.29960036277770996,
        0.16630244255065918
    ]
}