{
    "accuracy": [
        0.7384253144264221,
        0.9326536655426025,
        0.9532732963562012,
        0.9653332829475403,
        0.9714779257774353
    ],
    "loss": [
        0.9321110248565674,
        0.19665461778640747,
        0.14448855817317963,
        0.10742497444152832,
        0.09049957245588303
    ],
    "val_accuracy": [
        0.9083296656608582,
        0.9678272604942322,
        0.9867783188819885,
        0.9806082248687744,
        0.9682679772377014
    ],
    "val_loss": [
        0.2540081739425659,
        0.10099295526742935,
        0.037849124521017075,
        0.05211368948221207,
        0.1063077300786972
    ]
}