{
    "accuracy": [
        0.5043787360191345,
        0.7824596762657166,
        0.8509963154792786,
        0.887644350528717,
        0.9143927097320557,
        0.934858500957489,
        0.9468840956687927,
        0.9602741599082947,
        0.9681748747825623,
        0.9722045660018921,
        0.9774717688560486,
        0.9809303283691406,
        0.9833735227584839,
        0.9868637919425964,
        0.9870859384536743,
        0.9897512197494507,
        0.9900367856025696,
        0.9916550517082214,
        0.9925117492675781,
        0.9933684468269348,
        0.9936223030090332,
        0.9943838119506836,
        0.9954308867454529
    ],
    "loss": [
        1.3938924074172974,
        0.6735607981681824,
        0.47022539377212524,
        0.3518376648426056,
        0.27274659276008606,
        0.2137380689382553,
        0.17652836441993713,
        0.14247125387191772,
        0.1149657666683197,
        0.09893348067998886,
        0.08058296144008636,
        0.07063253223896027,
        0.06076011806726456,
        0.04926582798361778,
        0.045900579541921616,
        0.038404680788517,
        0.03543668985366821,
        0.032577984035015106,
        0.028486790135502815,
        0.025431061163544655,
        0.02350212261080742,
        0.021253302693367004,
        0.018017062917351723
    ],
    "val_accuracy": [
        0.7305224537849426,
        0.8267644643783569,
        0.8725939393043518,
        0.9055911898612976,
        0.9248396158218384,
        0.9367552995681763,
        0.9569202661514282,
        0.9578368663787842,
        0.9715856909751892,
        0.9651695489883423,
        0.9780018329620361,
        0.9725022912025452,
        0.9825847744941711,
        0.9844179749488831,
        0.9825847744941711,
        0.9871677160263062,
        0.99083411693573,
        0.9935838580131531,
        0.9825847744941711,
        0.989917516708374,
        0.994500458240509,
        0.9926672577857971,
        0.9935838580131531
    ],
    "val_loss": [
        0.8162541389465332,
        0.5493449568748474,
        0.4026040732860565,
        0.29379481077194214,
        0.23284654319286346,
        0.19292548298835754,
        0.154764324426651,
        0.14127126336097717,
        0.10798616707324982,
        0.10381937772035599,
        0.0751112699508667,
        0.08386661112308502,
        0.0648866817355156,
        0.047586943954229355,
        0.05106021836400032,
        0.04592312127351761,
        0.032811034470796585,
        0.02640283852815628,
        0.04864853620529175,
        0.025862880051136017,
        0.013279992155730724,
        0.019818618893623352,
        0.024367183446884155
    ]
}