{
    "accuracy": [
        0.7910902500152588,
        0.9679844975471497,
        0.9903223514556885,
        0.9962875843048096,
        0.9988577365875244,
        0.9957481622695923,
        0.9978106617927551,
        0.9999365210533142,
        0.9962241649627686,
        0.9999682903289795,
        1.0,
        1.0,
        0.9969539046287537,
        1.0
    ],
    "loss": [
        0.648423969745636,
        0.12837161123752594,
        0.04702731594443321,
        0.02256324514746666,
        0.009782781824469566,
        0.01603442057967186,
        0.00928723905235529,
        0.001894937944598496,
        0.012710075825452805,
        0.0013510891003534198,
        0.000566823233384639,
        0.0005085984594188631,
        0.011667972430586815,
        0.0005323205841705203
    ],
    "val_accuracy": [
        0.9303391575813293,
        0.986251175403595,
        0.9935838580131531,
        0.999083399772644,
        1.0,
        0.996333658695221,
        1.0,
        1.0,
        1.0,
        1.0,
        1.0,
        1.0,
        1.0,
        1.0
    ],
    "val_loss": [
        0.22942735254764557,
        0.07165229320526123,
        0.0362694077193737,
        0.013874080032110214,
        0.007260635029524565,
        0.015897396951913834,
        0.005189029034227133,
        0.0018626854289323092,
        0.004728164058178663,
        0.0007991103339008987,
        0.0006458854768425226,
        0.00031417052377946675,
        0.0009134826250374317,
        0.0003726129943970591
    ]
}