{
    "accuracy": [
        0.6169881820678711,
        0.866766095161438,
        0.9370478391647339,
        0.9651922583580017,
        0.9804860949516296,
        0.9857850074768066,
        0.9919406175613403,
        0.9918771386146545
    ],
    "loss": [
        1.0951848030090332,
        0.42590364813804626,
        0.22351190447807312,
        0.13045932352542877,
        0.08037561923265457,
        0.05626339465379715,
        0.03557179495692253,
        0.030650077387690544
    ],
    "val_accuracy": [
        0.8001832962036133,
        0.9110907316207886,
        0.9587534666061401,
        0.9734188914299011,
        0.980751633644104,
        0.995417058467865,
        0.989917516708374,
        0.99083411693573
    ],
    "val_loss": [
        0.5977646708488464,
        0.2808150351047516,
        0.16264963150024414,
        0.10000569373369217,
        0.07383570075035095,
        0.02822420932352543,
        0.03825942799448967,
        0.03343239054083824
    ]
}