{
    "accuracy": [
        0.6690570116043091,
        0.8622921705245972,
        0.9348902106285095,
        0.9642086625099182,
        0.9785823225975037,
        0.9854042530059814,
        0.9890214204788208,
        0.993241548538208,
        0.9942569136619568,
        0.9962558746337891,
        0.9962241649627686,
        0.9974616169929504,
        0.9986990690231323,
        0.9970173835754395,
        0.9948914647102356,
        0.9995240569114685,
        0.9984135031700134,
        0.9992384910583496,
        0.9982548356056213,
        0.9984452128410339
    ],
    "loss": [
        0.9663553833961487,
        0.42519617080688477,
        0.226814866065979,
        0.13318894803524017,
        0.08521038293838501,
        0.059251442551612854,
        0.045297522097826004,
        0.03223187476396561,
        0.026364097371697426,
        0.01836634986102581,
        0.016708511859178543,
        0.01294655166566372,
        0.007853776216506958,
        0.011884311214089394,
        0.018960796296596527,
        0.004098208155483007,
        0.007114640437066555,
        0.004821197595447302,
        0.006832834333181381,
        0.00603653397411108
    ],
    "val_accuracy": [
        0.824931263923645,
        0.9220898151397705,
        0.9615032076835632,
        0.9770852327346802,
        0.9935838580131531,
        0.996333658695221,
        0.9981667995452881,
        0.986251175403595,
        0.999083399772644,
        0.999083399772644,
        1.0,
        1.0,
        0.999083399772644,
        1.0,
        1.0,
        1.0,
        0.9917507171630859,
        1.0,
        0.989917516708374,
        1.0
    ],
    "val_loss": [
        0.5352606177330017,
        0.27372437715530396,
        0.15818221867084503,
        0.09819754958152771,
        0.05202837288379669,
        0.03234405070543289,
        0.025297392159700394,
        0.04480918124318123,
        0.014014151878654957,
        0.0158526673913002,
        0.008294868282973766,
        0.00502870324999094,
        0.007095575798302889,
        0.003788215108215809,
        0.0034081554040312767,
        0.0021202252246439457,
        0.023991186171770096,
        0.0012819202383980155,
        0.031718604266643524,
        0.0015579037135466933
    ]
}