{
    "accuracy": [
        0.75625079870224,
        0.9617336988449097,
        0.9878791570663452,
        0.9947328567504883,
        0.9947645664215088,
        0.9963193535804749,
        0.9982231259346008,
        0.998096227645874,
        0.9966683387756348
    ],
    "loss": [
        0.7462647557258606,
        0.13871410489082336,
        0.048859961330890656,
        0.02413250505924225,
        0.01913549192249775,
        0.012471743859350681,
        0.007302254904061556,
        0.00618701009079814,
        0.011093935929238796
    ],
    "val_accuracy": [
        0.9477543830871582,
        0.9156736731529236,
        0.996333658695221,
        0.9981667995452881,
        0.9981667995452881,
        0.9981667995452881,
        1.0,
        0.9981667995452881,
        1.0
    ],
    "val_loss": [
        0.2143615484237671,
        0.18494929373264313,
        0.02532101795077324,
        0.012450271286070347,
        0.006928013172000647,
        0.017149457708001137,
        0.001006437698379159,
        0.01333772111684084,
        0.0010312434751540422
    ]
}