{
    "accuracy": [
        0.7720839977264404,
        0.9789630770683289,
        0.9920992255210876,
        0.994701087474823,
        0.9948914647102356,
        0.9952722191810608,
        0.9999682903289795,
        1.0,
        1.0,
        0.9931780695915222,
        1.0
    ],
    "loss": [
        0.6654775142669678,
        0.07522043585777283,
        0.029459387063980103,
        0.019191013649106026,
        0.016645710915327072,
        0.014746105298399925,
        0.0005374838365241885,
        0.00015483399329241365,
        9.37210425036028e-05,
        0.0220620259642601,
        0.0005267664091661572
    ],
    "val_accuracy": [
        0.9761686325073242,
        0.996333658695221,
        1.0,
        0.9935838580131531,
        1.0,
        1.0,
        1.0,
        1.0,
        1.0,
        1.0,
        1.0
    ],
    "val_loss": [
        0.11881905794143677,
        0.02704697474837303,
        0.0063757142052054405,
        0.02271687425673008,
        0.001824154518544674,
        0.0004962765378877521,
        0.00016443779168184847,
        0.00010342419409425929,
        6.951225805096328e-05,
        0.0022832707036286592,
        0.0001664021983742714
    ]
}