{
    "accuracy": [
        0.6221601963043213,
        0.8009582161903381,
        0.8692092895507812,
        0.908744752407074,
        0.92905193567276,
        0.9437111020088196,
        0.9557050466537476,
        0.9629712104797363,
        0.9687142968177795,
        0.9749650955200195,
        0.9782649874687195,
        0.9816283583641052,
        0.9846109747886658,
        0.9863561391830444,
        0.9888628125190735,
        0.9905762076377869
    ],
    "loss": [
        1.1254079341888428,
        0.6025341749191284,
        0.42424941062927246,
        0.3148327171802521,
        0.24695438146591187,
        0.19664517045021057,
        0.15987639129161835,
        0.13429436087608337,
        0.11180182546377182,
        0.09296858310699463,
        0.08112037181854248,
        0.07063373923301697,
        0.06024554744362831,
        0.053600020706653595,
        0.046364761888980865,
        0.0407232791185379
    ],
    "val_accuracy": [
        0.7653529047966003,
        0.8680109977722168,
        0.9092575907707214,
        0.9248396158218384,
        0.9404216408729553,
        0.9404216408729553,
        0.9679193496704102,
        0.9651695489883423,
        0.975252091884613,
        0.9789184331893921,
        0.9780018329620361,
        0.985334575176239,
        0.986251175403595,
        0.989917516708374,
        0.985334575176239,
        0.9844179749488831
    ],
    "val_loss": [
        0.6817804574966431,
        0.4346367418766022,
        0.3173961341381073,
        0.2607268989086151,
        0.20737595856189728,
        0.19380870461463928,
        0.12710358202457428,
        0.12730731070041656,
        0.10162679105997086,
        0.08747413009405136,
        0.07487067580223083,
        0.05786915123462677,
        0.05387252941727638,
        0.04657898098230362,
        0.04678366333246231,
        0.0585310123860836
    ]
}