{
    "accuracy": [
        0.7106866240501404,
        0.9201357960700989,
        0.9600520133972168,
        0.9753141403198242,
        0.9838811755180359,
        0.9900367856025696,
        0.9924800395965576,
        0.9965097308158875,
        0.9952087998390198
    ],
    "loss": [
        0.8557204604148865,
        0.2870917022228241,
        0.15172375738620758,
        0.09066522866487503,
        0.06068168580532074,
        0.039958611130714417,
        0.03161753714084625,
        0.01838499680161476,
        0.02022095024585724
    ],
    "val_accuracy": [
        0.8606782555580139,
        0.9560036659240723,
        0.9670027494430542,
        0.980751633644104,
        0.9880843162536621,
        0.9972502589225769,
        0.996333658695221,
        0.99083411693573,
        0.9349220991134644
    ],
    "val_loss": [
        0.44149723649024963,
        0.18875592947006226,
        0.12739424407482147,
        0.08786028623580933,
        0.05014306679368019,
        0.022924067452549934,
        0.019099289551377296,
        0.03003222681581974,
        0.2324773669242859
    ]
}