{
    "accuracy": [
        0.44977155327796936,
        0.7085924744606018,
        0.7908681035041809,
        0.847061812877655,
        0.8786647915840149,
        0.9037314653396606,
        0.9155349731445312,
        0.9281317591667175,
        0.9389833807945251,
        0.9437111020088196,
        0.9515801668167114,
        0.9573550224304199,
        0.96287602186203,
        0.9646846055984497,
        0.9697931408882141,
        0.9720459580421448,
        0.9756631255149841,
        0.9781380891799927,
        0.9783284664154053,
        0.9811524152755737,
        0.982199490070343
    ],
    "loss": [
        1.5178508758544922,
        0.8264685273170471,
        0.6024898290634155,
        0.4529508948326111,
        0.3658521771430969,
        0.3000684082508087,
        0.2558692991733551,
        0.22104179859161377,
        0.1869644969701767,
        0.17175260186195374,
        0.14846792817115784,
        0.13397513329982758,
        0.11767523735761642,
        0.10864278674125671,
        0.09554342180490494,
        0.08728139102458954,
        0.07634641230106354,
        0.06881861388683319,
        0.06755584478378296,
        0.05905725434422493,
        0.055042218416929245
    ],
    "val_accuracy": [
        0.6672777533531189,
        0.7662695050239563,
        0.8313474059104919,
        0.8762603402137756,
        0.9065077900886536,
        0.9110907316207886,
        0.9349220991134644,
        0.9468377828598022,
        0.9505041241645813,
        0.9633364081382751,
        0.9605866074562073,
        0.9615032076835632,
        0.9697525501251221,
        0.9651695489883423,
        0.9761686325073242,
        0.9825847744941711,
        0.9789184331893921,
        0.986251175403595,
        0.986251175403595,
        0.9816681742668152,
        0.9789184331893921
    ],
    "val_loss": [
        0.9497373700141907,
        0.6493294835090637,
        0.5096478462219238,
        0.3648506999015808,
        0.2937092185020447,
        0.25835517048835754,
        0.2091313600540161,
        0.17979392409324646,
        0.1632540225982666,
        0.13549838960170746,
        0.13202300667762756,
        0.10357873886823654,
        0.09354400634765625,
        0.11058501899242401,
        0.06735095381736755,
        0.057227570563554764,
        0.058322783559560776,
        0.053487006574869156,
        0.045193642377853394,
        0.04960481449961662,
        0.061181556433439255
    ]
}