{
    "accuracy": [
        0.5814507007598877,
        0.869780421257019,
        0.9432669281959534,
        0.9700152277946472,
        0.9823264479637146,
        0.9881964921951294,
        0.9916232824325562,
        0.9937174916267395,
        0.9938760995864868
    ],
    "loss": [
        1.1904300451278687,
        0.40927815437316895,
        0.1884315311908722,
        0.10761816799640656,
        0.0631176009774208,
        0.04354575648903847,
        0.032322224229574203,
        0.02233625017106533,
        0.021140944212675095
    ],
    "val_accuracy": [
        0.7956003546714783,
        0.9340054988861084,
        0.9670027494430542,
        0.9715856909751892,
        0.994500458240509,
        0.985334575176239,
        0.9981667995452881,
        0.9917507171630859,
        0.996333658695221
    ],
    "val_loss": [
        0.6048633456230164,
        0.2449132204055786,
        0.1280507594347,
        0.09742321819067001,
        0.03547443449497223,
        0.03687245026230812,
        0.012120211496949196,
        0.025274289771914482,
        0.014336789958178997
    ]
}