{
    "accuracy": [
        0.8043850660324097,
        0.9800736308097839,
        0.9922578930854797,
        0.9969539046287537,
        0.995589554309845,
        0.9979058504104614,
        1.0,
        1.0,
        1.0,
        0.9956212639808655,
        1.0
    ],
    "loss": [
        0.5926562547683716,
        0.07689324021339417,
        0.029294665902853012,
        0.013351560570299625,
        0.015785666182637215,
        0.008074535988271236,
        0.0005702924099750817,
        0.00025949315750040114,
        0.0001624972210265696,
        0.01648642122745514,
        0.0003908185171894729
    ],
    "val_accuracy": [
        0.9367552995681763,
        0.980751633644104,
        0.995417058467865,
        1.0,
        0.999083399772644,
        1.0,
        1.0,
        1.0,
        1.0,
        1.0,
        1.0
    ],
    "val_loss": [
        0.16936534643173218,
        0.07787251472473145,
        0.014154779724776745,
        0.0065887561067938805,
        0.005645595490932465,
        0.0008562571601942182,
        0.00029276456916704774,
        0.0001669389457674697,
        0.00010548916907282546,
        0.0005427029682323337,
        0.000181628463906236
    ]
}