{
    "accuracy": [
        0.7175403237342834,
        0.9534522294998169,
        0.9850552082061768,
        0.9914963841438293,
        0.9953991770744324,
        0.998096227645874,
        0.9937174916267395,
        0.9999682903289795,
        0.9954308867454529,
        1.0,
        1.0,
        0.9944472908973694,
        0.9979375600814819
    ],
    "loss": [
        0.8226162195205688,
        0.15481965243816376,
        0.05499992147088051,
        0.030011778697371483,
        0.018620705232024193,
        0.007845365442335606,
        0.021238721907138824,
        0.0009432396618649364,
        0.015391591936349869,
        0.00043814003583975136,
        0.00021563131303992122,
        0.02152205817401409,
        0.007120856083929539
    ],
    "val_accuracy": [
        0.9083409905433655,
        0.9715856909751892,
        0.9972502589225769,
        0.999083399772644,
        0.994500458240509,
        1.0,
        0.999083399772644,
        1.0,
        1.0,
        1.0,
        1.0,
        1.0,
        1.0
    ],
    "val_loss": [
        0.25273239612579346,
        0.0938914343714714,
        0.01801469922065735,
        0.008270136080682278,
        0.019757907837629318,
        0.0006305414717644453,
        0.001853198278695345,
        0.00046816503163427114,
        0.0007575225899927318,
        0.0003817477554548532,
        0.00013775155821349472,
        0.0034052561968564987,
        0.0002686372317839414
    ]
}