{
    "accuracy": [
        0.686318039894104,
        0.935810387134552,
        0.9771227240562439,
        0.9890214204788208,
        0.9938443899154663,
        0.9926069378852844
    ],
    "loss": [
        0.9199243783950806,
        0.21785737574100494,
        0.0814027264714241,
        0.04007178172469139,
        0.02351885661482811,
        0.023598162457346916
    ],
    "val_accuracy": [
        0.8945921063423157,
        0.9715856909751892,
        0.9917507171630859,
        0.999083399772644,
        0.994500458240509,
        0.9725022912025452
    ],
    "val_loss": [
        0.36068639159202576,
        0.09824781119823456,
        0.038995806127786636,
        0.019020842388272285,
        0.026248937472701073,
        0.06616026908159256
    ]
}