{
    "accuracy": [
        0.7446693778038025,
        0.961765468120575,
        0.9872763156890869,
        0.9940664768218994,
        0.99374920129776,
        0.9985404014587402,
        0.9953674077987671
    ],
    "loss": [
        0.7742195129394531,
        0.1401696503162384,
        0.05295780673623085,
        0.026228681206703186,
        0.021984640508890152,
        0.00790465623140335,
        0.015613746829330921
    ],
    "val_accuracy": [
        0.9275893568992615,
        0.9825847744941711,
        0.9825847744941711,
        1.0,
        0.9972502589225769,
        0.996333658695221,
        0.995417058467865
    ],
    "val_loss": [
        0.23455220460891724,
        0.07683471590280533,
        0.057962968945503235,
        0.011482845060527325,
        0.009425392374396324,
        0.015291056595742702,
        0.01390474196523428
    ]
}