{
    "accuracy": [
        0.8087320923805237,
        0.9743939638137817,
        0.9921627044677734,
        0.9966366291046143,
        0.9977788925170898,
        0.996985673904419,
        0.9998731017112732,
        0.9959385991096497,
        1.0,
        1.0,
        0.9969539046287537,
        1.0,
        1.0,
        1.0,
        0.99704909324646,
        1.0
    ],
    "loss": [
        0.6082653999328613,
        0.11112189292907715,
        0.04083440825343132,
        0.019811756908893585,
        0.013117563910782337,
        0.012252416461706161,
        0.0025798564311116934,
        0.01597343198955059,
        0.0013001412153244019,
        0.0007578773074783385,
        0.010661719366908073,
        0.0006271024467423558,
        0.00039255028241313994,
        0.0002774627646431327,
        0.010151026770472527,
        0.0006116754375398159
    ],
    "val_accuracy": [
        0.9477543830871582,
        0.9844179749488831,
        0.999083399772644,
        0.995417058467865,
        1.0,
        1.0,
        1.0,
        1.0,
        1.0,
        1.0,
        1.0,
        1.0,
        1.0,
        1.0,
        1.0,
        1.0
    ],
    "val_loss": [
        0.19219401478767395,
        0.06528046727180481,
        0.017617199569940567,
        0.023191174492239952,
        0.005086300428956747,
        0.0024617945309728384,
        0.0018290337175130844,
        0.0021762510295957327,
        0.0009197714389301836,
        0.0006773862987756729,
        0.001185562927275896,
        0.0004605267313309014,
        0.0003427585761528462,
        0.00026163889560848475,
        0.0009425983298569918,
        0.0003309163439553231
    ]
}