{
    "accuracy": [
        0.7380695343017578,
        0.9373016953468323,
        0.9704911708831787,
        0.9851821064949036,
        0.9904810190200806,
        0.9926704168319702,
        0.991845428943634,
        0.9941617250442505,
        0.9964779615402222
    ],
    "loss": [
        0.798926830291748,
        0.21541421115398407,
        0.10088515281677246,
        0.05602080374956131,
        0.03480513021349907,
        0.027170779183506966,
        0.02772688865661621,
        0.019998161122202873,
        0.012304350733757019
    ],
    "val_accuracy": [
        0.9055911898612976,
        0.9706690907478333,
        0.9835013747215271,
        0.9917507171630859,
        0.995417058467865,
        0.996333658695221,
        0.999083399772644,
        0.996333658695221,
        0.9844179749488831
    ],
    "val_loss": [
        0.3012634217739105,
        0.12547074258327484,
        0.07391909509897232,
        0.03165522217750549,
        0.022654322907328606,
        0.015096612274646759,
        0.00647913059219718,
        0.010432271286845207,
        0.04484731703996658
    ]
}