{
    "accuracy": [
        0.776462733745575,
        0.956466555595398,
        0.9823264479637146,
        0.988894522190094,
        0.9905762076377869,
        0.9960020184516907,
        0.9937174916267395,
        0.9969539046287537,
        0.9948597550392151,
        0.9967635273933411
    ],
    "loss": [
        0.687070369720459,
        0.1515038013458252,
        0.06415126472711563,
        0.04053759202361107,
        0.034422628581523895,
        0.01559213362634182,
        0.020534038543701172,
        0.01137390173971653,
        0.017925364896655083,
        0.010369311086833477
    ],
    "val_accuracy": [
        0.9184234738349915,
        0.9743354916572571,
        0.9761686325073242,
        0.9935838580131531,
        0.9587534666061401,
        0.999083399772644,
        1.0,
        1.0,
        0.995417058467865,
        0.994500458240509
    ],
    "val_loss": [
        0.26383671164512634,
        0.0848018154501915,
        0.06977647542953491,
        0.02633539028465748,
        0.13158339262008667,
        0.004803012125194073,
        0.0030167351942509413,
        0.0015511414967477322,
        0.013416904956102371,
        0.013500576838850975
    ]
}