{
    "accuracy": [
        0.7284553647041321,
        0.9154080748558044,
        0.9573867321014404,
        0.97867751121521,
        0.988450288772583,
        0.9932097792625427,
        0.9951770305633545,
        0.9967001080513,
        0.9984135031700134,
        0.9964462518692017,
        0.9986990690231323,
        0.998603880405426
    ],
    "loss": [
        0.849628746509552,
        0.3076765239238739,
        0.16265273094177246,
        0.09594185650348663,
        0.05842883512377739,
        0.039789073169231415,
        0.02846057340502739,
        0.01980682462453842,
        0.013399478979408741,
        0.015613086521625519,
        0.008720825426280499,
        0.008232676424086094
    ],
    "val_accuracy": [
        0.8808432817459106,
        0.9367552995681763,
        0.9688359498977661,
        0.979835033416748,
        0.995417058467865,
        0.9926672577857971,
        0.9972502589225769,
        0.994500458240509,
        0.9972502589225769,
        0.999083399772644,
        0.999083399772644,
        0.985334575176239
    ],
    "val_loss": [
        0.4191094934940338,
        0.24858158826828003,
        0.12152262032032013,
        0.09479144960641861,
        0.03834521025419235,
        0.031054971739649773,
        0.017143718898296356,
        0.017872417345643044,
        0.016707364469766617,
        0.0069784848019480705,
        0.008226627483963966,
        0.05517512187361717
    ]
}