{
    "accuracy": [
        0.6555400490760803,
        0.8597537875175476,
        0.9143292307853699,
        0.9415534734725952,
        0.9573867321014404,
        0.9696661829948425,
        0.9779794216156006,
        0.9842619895935059,
        0.989338755607605,
        0.9921309947967529,
        0.9934319257736206,
        0.9956212639808655,
        0.9962241649627686,
        0.996985673904419,
        0.9974616169929504,
        0.9978423714637756,
        0.9987307786941528,
        0.9989529252052307,
        0.9975250959396362,
        0.9997779130935669
    ],
    "loss": [
        1.0529385805130005,
        0.4955328404903412,
        0.309150755405426,
        0.21598736941814423,
        0.16198235750198364,
        0.1210683286190033,
        0.09093593060970306,
        0.07064846903085709,
        0.053136590868234634,
        0.04082229733467102,
        0.03450441733002663,
        0.026655158028006554,
        0.022896984592080116,
        0.018248774111270905,
        0.01689445972442627,
        0.01332804188132286,
        0.009818974882364273,
        0.008598829619586468,
        0.01236522663384676,
        0.00470131216570735
    ],
    "val_accuracy": [
        0.8075160384178162,
        0.8955087065696716,
        0.9358386993408203,
        0.9541704654693604,
        0.9697525501251221,
        0.9715856909751892,
        0.9816681742668152,
        0.9825847744941711,
        0.9935838580131531,
        0.989917516708374,
        0.995417058467865,
        0.994500458240509,
        0.995417058467865,
        0.9972502589225769,
        0.999083399772644,
        0.995417058467865,
        0.999083399772644,
        1.0,
        0.999083399772644,
        0.9981667995452881
    ],
    "val_loss": [
        0.6397756934165955,
        0.3637155592441559,
        0.24261558055877686,
        0.17540676891803741,
        0.13693828880786896,
        0.10788527131080627,
        0.08454079180955887,
        0.07065559923648834,
        0.0423443466424942,
        0.04934822395443916,
        0.02445276454091072,
        0.03063872829079628,
        0.01962091587483883,
        0.01982693374156952,
        0.013961019925773144,
        0.0202565249055624,
        0.00847737304866314,
        0.006060053128749132,
        0.006881275214254856,
        0.007323669269680977
    ]
}