{
    "accuracy": [
        0.617210328578949,
        0.8434128761291504,
        0.9146465063095093,
        0.9433938264846802,
        0.9591636061668396,
        0.9704276919364929,
        0.978233277797699,
        0.9832783341407776,
        0.9864830374717712,
        0.9876253604888916,
        0.9908300638198853,
        0.9926386475563049,
        0.9936857223510742,
        0.9943203330039978,
        0.994701087474823,
        0.9963827729225159,
        0.9971125721931458,
        0.9968904852867126,
        0.9950184226036072,
        0.996985673904419
    ],
    "loss": [
        1.1234869956970215,
        0.4988401234149933,
        0.2884431779384613,
        0.19513121247291565,
        0.1404481679201126,
        0.10416025668382645,
        0.0802375003695488,
        0.060586266219615936,
        0.049853477627038956,
        0.044346362352371216,
        0.03533228859305382,
        0.029384829103946686,
        0.02610965259373188,
        0.02164764702320099,
        0.020482121035456657,
        0.015211834572255611,
        0.013185719959437847,
        0.013180842623114586,
        0.01695871911942959,
        0.01117444783449173
    ],
    "val_accuracy": [
        0.7827681303024292,
        0.8634280562400818,
        0.9385884404182434,
        0.9615032076835632,
        0.9743354916572571,
        0.985334575176239,
        0.9844179749488831,
        0.989917516708374,
        0.9890009164810181,
        0.994500458240509,
        0.9972502589225769,
        0.994500458240509,
        0.995417058467865,
        0.996333658695221,
        0.99083411693573,
        0.9981667995452881,
        0.999083399772644,
        0.999083399772644,
        0.999083399772644,
        1.0
    ],
    "val_loss": [
        0.6788032054901123,
        0.4006029963493347,
        0.22641731798648834,
        0.1479221135377884,
        0.10521453619003296,
        0.08159492909908295,
        0.06799682974815369,
        0.05190020427107811,
        0.05516548082232475,
        0.03297176584601402,
        0.02304491400718689,
        0.02166021429002285,
        0.02329293265938759,
        0.015805188566446304,
        0.03238224610686302,
        0.014012474566698074,
        0.006206080783158541,
        0.005687470082193613,
        0.00806302297860384,
        0.007649851962924004
    ]
}