{
    "accuracy": [
        0.6381202936172485,
        0.874476432800293,
        0.9327008724212646,
        0.9581482410430908,
        0.9707767367362976,
        0.9793121218681335,
        0.9820091128349304,
        0.9851186871528625,
        0.9894656538963318,
        0.9862926602363586,
        0.9938760995864868
    ],
    "loss": [
        1.058903455734253,
        0.3882099986076355,
        0.21698176860809326,
        0.14063800871372223,
        0.09896005690097809,
        0.071721650660038,
        0.059970151633024216,
        0.04861631244421005,
        0.03640946373343468,
        0.0444398932158947,
        0.02292349375784397
    ],
    "val_accuracy": [
        0.8276810050010681,
        0.9110907316207886,
        0.9523373246192932,
        0.9825847744941711,
        0.980751633644104,
        0.9761686325073242,
        0.989917516708374,
        0.9688359498977661,
        0.99083411693573,
        0.9651695489883423,
        0.99083411693573
    ],
    "val_loss": [
        0.5185297131538391,
        0.2608252763748169,
        0.14571286737918854,
        0.08919734507799149,
        0.07690492272377014,
        0.0781799852848053,
        0.03858513385057449,
        0.06834090501070023,
        0.029139425605535507,
        0.09662292152643204,
        0.0380985364317894
    ]
}