{
    "accuracy": [
        0.6978042721748352,
        0.8975123763084412,
        0.9504061341285706,
        0.9711892604827881,
        0.9809303283691406,
        0.9878474473953247,
        0.9929242134094238,
        0.9945424795150757,
        0.9958751201629639,
        0.9965731501579285,
        0.9976837038993835,
        0.9958116412162781,
        0.9993019700050354
    ],
    "loss": [
        0.932187557220459,
        0.3700464367866516,
        0.19816172122955322,
        0.12289847433567047,
        0.0842151939868927,
        0.05824868381023407,
        0.038768794387578964,
        0.030602600425481796,
        0.022738352417945862,
        0.01871749944984913,
        0.012710887007415295,
        0.016647102311253548,
        0.006151772569864988
    ],
    "val_accuracy": [
        0.8542621731758118,
        0.9266727566719055,
        0.9651695489883423,
        0.9770852327346802,
        0.9789184331893921,
        0.9890009164810181,
        0.995417058467865,
        0.9890009164810181,
        0.9981667995452881,
        0.995417058467865,
        1.0,
        0.999083399772644,
        0.9972502589225769
    ],
    "val_loss": [
        0.5122053623199463,
        0.23644918203353882,
        0.1518016755580902,
        0.09338737279176712,
        0.08375580608844757,
        0.05554991587996483,
        0.026982897892594337,
        0.04067191109061241,
        0.019999099895358086,
        0.019240211695432663,
        0.006329013034701347,
        0.007535467855632305,
        0.01582130789756775
    ]
}