{
    "accuracy": [
        0.7681494951248169,
        0.9513580203056335,
        0.9788361191749573,
        0.986546516418457,
        0.9895608425140381,
        0.9903858304023743,
        0.9956212639808655,
        0.9894974231719971,
        0.9951770305633545,
        0.9906079173088074,
        0.9996827244758606
    ],
    "loss": [
        0.6888082027435303,
        0.14967700839042664,
        0.06947911530733109,
        0.04285924509167671,
        0.03244612365961075,
        0.0307561494410038,
        0.014268919825553894,
        0.03130156919360161,
        0.013860432431101799,
        0.02909027226269245,
        0.0024411373306065798
    ],
    "val_accuracy": [
        0.9248396158218384,
        0.985334575176239,
        0.9780018329620361,
        0.9981667995452881,
        1.0,
        0.999083399772644,
        1.0,
        0.986251175403595,
        1.0,
        0.999083399772644,
        0.9981667995452881
    ],
    "val_loss": [
        0.20921795070171356,
        0.062027689069509506,
        0.06402310729026794,
        0.010445632040500641,
        0.008259174413979053,
        0.003750378033146262,
        0.001265362254343927,
        0.031330935657024384,
        0.0005827225395478308,
        0.005392586346715689,
        0.002893526805564761
    ]
}