{
    "accuracy": [
        0.7946122884750366,
        0.9632567763328552,
        0.9840716123580933,
        0.9895291328430176,
        0.9914963841438293,
        0.9924800395965576,
        0.9944790005683899,
        0.9966683387756348,
        0.9958116412162781,
        0.9996827244758606
    ],
    "loss": [
        0.6222720742225647,
        0.12523533403873444,
        0.054672565311193466,
        0.035168249160051346,
        0.027067940682172775,
        0.024780362844467163,
        0.020366109907627106,
        0.011516579426825047,
        0.014538784511387348,
        0.0020474910270422697
    ],
    "val_accuracy": [
        0.9505041241645813,
        0.9734188914299011,
        0.9926672577857971,
        0.994500458240509,
        0.9972502589225769,
        0.996333658695221,
        0.9981667995452881,
        1.0,
        0.999083399772644,
        0.999083399772644
    ],
    "val_loss": [
        0.17785650491714478,
        0.0910307839512825,
        0.025528229773044586,
        0.01820145547389984,
        0.009948767721652985,
        0.009018326178193092,
        0.0063054063357412815,
        0.0010731796501204371,
        0.0036748021375387907,
        0.0027171208057552576
    ]
}