{
    "accuracy": [
        0.8219317197799683,
        0.97242671251297,
        0.9819774031639099,
        0.9880378246307373,
        0.9931145906448364,
        0.9893070459365845,
        0.9935905337333679,
        0.9965731501579285,
        0.9951136112213135
    ],
    "loss": [
        0.5253794193267822,
        0.08279681205749512,
        0.0552188903093338,
        0.037936363369226456,
        0.02137610875070095,
        0.03490946441888809,
        0.021497877314686775,
        0.01219179481267929,
        0.015527196228504181
    ],
    "val_accuracy": [
        0.9514207243919373,
        0.9880843162536621,
        0.9917507171630859,
        0.975252091884613,
        0.996333658695221,
        0.994500458240509,
        0.999083399772644,
        0.989917516708374,
        0.9880843162536621
    ],
    "val_loss": [
        0.1466040015220642,
        0.04238532856106758,
        0.026597773656249046,
        0.08538664877414703,
        0.010907759889960289,
        0.02339324913918972,
        0.0013286700705066323,
        0.026636864989995956,
        0.02652575448155403
    ]
}