{
    "accuracy": [
        0.5639357566833496,
        0.770656168460846,
        0.855216383934021,
        0.8948788046836853,
        0.9181685447692871,
        0.9313681721687317,
        0.944409191608429,
        0.9544993042945862,
        0.9596395492553711,
        0.9656999707221985,
        0.971474826335907,
        0.9751237630844116,
        0.9792169332504272,
        0.9817235469818115,
        0.9837859869003296,
        0.9851503968238831,
        0.9882916808128357,
        0.9895926117897034,
        0.9914646744728088,
        0.9909887313842773,
        0.9930194020271301,
        0.9941617250442505,
        0.9953356981277466,
        0.9949866533279419,
        0.9965097308158875
    ],
    "loss": [
        1.2695623636245728,
        0.7293694019317627,
        0.5093631148338318,
        0.38761070370674133,
        0.3094736337661743,
        0.25486040115356445,
        0.2146342247724533,
        0.18022610247135162,
        0.15695858001708984,
        0.13683800399303436,
        0.11896316707134247,
        0.10537075251340866,
        0.09170887619256973,
        0.08264531940221786,
        0.07303882390260696,
        0.06698392331600189,
        0.05856258049607277,
        0.05280899628996849,
        0.04606754332780838,
        0.04257858917117119,
        0.03822348639369011,
        0.03321556746959686,
        0.03006419725716114,
        0.02869519032537937,
        0.02385733276605606
    ],
    "val_accuracy": [
        0.6947754621505737,
        0.8230980634689331,
        0.8890925645828247,
        0.9257562160491943,
        0.9358386993408203,
        0.9413382411003113,
        0.9431713819503784,
        0.9596700072288513,
        0.9624198079109192,
        0.9715856909751892,
        0.9715856909751892,
        0.9725022912025452,
        0.9789184331893921,
        0.975252091884613,
        0.9825847744941711,
        0.985334575176239,
        0.985334575176239,
        0.9871677160263062,
        0.99083411693573,
        0.996333658695221,
        0.9935838580131531,
        0.995417058467865,
        0.9935838580131531,
        0.99083411693573,
        0.9926672577857971
    ],
    "val_loss": [
        0.9236223101615906,
        0.5665427446365356,
        0.4239466190338135,
        0.33193275332450867,
        0.26888298988342285,
        0.22871410846710205,
        0.20455515384674072,
        0.17760787904262543,
        0.15213385224342346,
        0.12475493550300598,
        0.11617033928632736,
        0.0929032489657402,
        0.08472516387701035,
        0.10189034789800644,
        0.07865314930677414,
        0.05999929457902908,
        0.050896819680929184,
        0.044578276574611664,
        0.041607748717069626,
        0.036496490240097046,
        0.03616015985608101,
        0.03182273730635643,
        0.029741771519184113,
        0.03004739060997963,
        0.03503893315792084
    ]
}