{
    "accuracy": [
        0.7351503968238831,
        0.9329546689987183,
        0.9705546498298645,
        0.9837859869003296,
        0.9899733662605286,
        0.9927656054496765,
        0.9945107102394104,
        0.9961923956871033
    ],
    "loss": [
        0.8104687929153442,
        0.22907160222530365,
        0.1060326024889946,
        0.061792053282260895,
        0.04032384231686592,
        0.029131801798939705,
        0.021888691931962967,
        0.016358355060219765
    ],
    "val_accuracy": [
        0.8955087065696716,
        0.9550870656967163,
        0.9890009164810181,
        0.996333658695221,
        0.994500458240509,
        0.9981667995452881,
        0.9981667995452881,
        0.9935838580131531
    ],
    "val_loss": [
        0.3453695476055145,
        0.1474393755197525,
        0.0614180751144886,
        0.03614160418510437,
        0.021677358075976372,
        0.0147250946611166,
        0.017504222691059113,
        0.018737472593784332
    ]
}