{
    "accuracy": [
        0.6833671927452087,
        0.8863434195518494,
        0.9352709650993347,
        0.9586558938026428,
        0.9729026556015015,
        0.9822312593460083,
        0.9879109263420105,
        0.9914963841438293,
        0.9935905337333679,
        0.9958434104919434,
        0.9969539046287537,
        0.9986990690231323,
        0.9985721707344055,
        0.9970808625221252,
        0.9995875358581543,
        0.9964779615402222,
        0.9996827244758606,
        0.9984769821166992,
        0.9990163445472717,
        0.998096227645874,
        1.0,
        0.9991750121116638,
        0.9976837038993835
    ],
    "loss": [
        0.9786964058876038,
        0.4088990390300751,
        0.24229462444782257,
        0.1620882898569107,
        0.11213834583759308,
        0.08010052889585495,
        0.0590452142059803,
        0.044303733855485916,
        0.033532727509737015,
        0.024935707449913025,
        0.02052237279713154,
        0.013635906390845776,
        0.011564326472580433,
        0.014233688823878765,
        0.006239686161279678,
        0.014142976142466068,
        0.0047341748140752316,
        0.007283491548150778,
        0.006179638206958771,
        0.007005719002336264,
        0.0016428492963314056,
        0.003925585653632879,
        0.008310612291097641
    ],
    "val_accuracy": [
        0.8570119142532349,
        0.9138405323028564,
        0.9404216408729553,
        0.9761686325073242,
        0.975252091884613,
        0.9880843162536621,
        0.99083411693573,
        0.9679193496704102,
        0.9981667995452881,
        0.9917507171630859,
        0.999083399772644,
        0.9981667995452881,
        0.999083399772644,
        0.9981667995452881,
        1.0,
        1.0,
        1.0,
        0.999083399772644,
        1.0,
        1.0,
        1.0,
        1.0,
        0.999083399772644
    ],
    "val_loss": [
        0.5351635217666626,
        0.30657944083213806,
        0.19955560564994812,
        0.11614752560853958,
        0.09161338210105896,
        0.05844951421022415,
        0.046458590775728226,
        0.08928129822015762,
        0.025964852422475815,
        0.035306740552186966,
        0.014005737379193306,
        0.013441745191812515,
        0.008275836706161499,
        0.007048219908028841,
        0.005845069885253906,
        0.004631391726434231,
        0.003285119077190757,
        0.005874472204595804,
        0.002075430704280734,
        0.004769712220877409,
        0.00162616150919348,
        0.002074439311400056,
        0.0025514771696180105
    ]
}