{
    "accuracy": [
        0.7306447625160217,
        0.9340969920158386,
        0.9723315238952637,
        0.9830244779586792,
        0.9862609505653381,
        0.9913694858551025,
        0.9924165606498718,
        0.9927656054496765,
        0.9941299557685852,
        0.9928607940673828,
        0.9996192455291748,
        0.991845428943634,
        0.9998731017112732,
        0.992353081703186,
        0.9999048113822937,
        0.9923847913742065,
        0.9969539046287537
    ],
    "loss": [
        0.8134220242500305,
        0.21239949762821198,
        0.09355621039867401,
        0.058947112411260605,
        0.04471232742071152,
        0.030171401798725128,
        0.02451956272125244,
        0.02341652475297451,
        0.020942017436027527,
        0.023208651691675186,
        0.003095216816291213,
        0.027620157226920128,
        0.0013155161868780851,
        0.027157263830304146,
        0.0010873170103877783,
        0.03476772829890251,
        0.010022597387433052
    ],
    "val_accuracy": [
        0.9010082483291626,
        0.9385884404182434,
        0.9880843162536621,
        0.9972502589225769,
        0.996333658695221,
        0.9880843162536621,
        0.9972502589225769,
        0.996333658695221,
        0.9981667995452881,
        1.0,
        0.999083399772644,
        1.0,
        1.0,
        1.0,
        1.0,
        1.0,
        0.9981667995452881
    ],
    "val_loss": [
        0.30511194467544556,
        0.16092003881931305,
        0.04763970524072647,
        0.020314393565058708,
        0.015302988700568676,
        0.026097867637872696,
        0.008717497810721397,
        0.012695219367742538,
        0.004615324549376965,
        0.0021276851184666157,
        0.007036543916910887,
        0.0016152829630300403,
        0.0007211821503005922,
        0.0014630004297941923,
        0.0006912235403433442,
        0.0012141885235905647,
        0.004676362033933401
    ]
}