{
    "accuracy": [
        0.8106993436813354,
        0.9729661345481873,
        0.9844523668289185,
        0.987434983253479,
        0.9901954531669617,
        0.9903541207313538,
        0.9949232339859009,
        0.9944155216217041,
        0.995589554309845,
        1.0,
        0.9901954531669617,
        1.0
    ],
    "loss": [
        0.5603428483009338,
        0.08601459860801697,
        0.04839570075273514,
        0.03757203370332718,
        0.03159572556614876,
        0.03097323514521122,
        0.01805630326271057,
        0.015277959406375885,
        0.013180703856050968,
        0.00020608931663446128,
        0.030385443940758705,
        0.00024432665668427944
    ],
    "val_accuracy": [
        0.9486709237098694,
        0.989917516708374,
        0.985334575176239,
        0.995417058467865,
        0.995417058467865,
        0.995417058467865,
        0.999083399772644,
        0.999083399772644,
        1.0,
        1.0,
        0.995417058467865,
        1.0
    ],
    "val_loss": [
        0.1752270609140396,
        0.03052176721394062,
        0.03173603117465973,
        0.014435731805860996,
        0.01480961125344038,
        0.013033495284616947,
        0.0055445097386837006,
        0.006935225334018469,
        0.0005659262533299625,
        0.00022685981821268797,
        0.006566411815583706,
        0.0002422879624646157
    ]
}