{
    "accuracy": [
        0.8036235570907593,
        0.9708402156829834,
        0.9917184710502625,
        0.996097207069397,
        0.9966049194335938,
        0.9997144341468811,
        0.9977154731750488,
        0.9984452128410339
    ],
    "loss": [
        0.6085460186004639,
        0.11525584757328033,
        0.04209039732813835,
        0.0214145015925169,
        0.015230663120746613,
        0.004486601334065199,
        0.008601050823926926,
        0.0063292295671999454
    ],
    "val_accuracy": [
        0.9514207243919373,
        0.989917516708374,
        0.996333658695221,
        0.999083399772644,
        1.0,
        1.0,
        1.0,
        1.0
    ],
    "val_loss": [
        0.1825321465730667,
        0.05266915634274483,
        0.027193326503038406,
        0.010094786062836647,
        0.00897385086864233,
        0.0020554226357489824,
        0.002814212813973427,
        0.00208193133585155
    ]
}