{
    "accuracy": [
        0.5509265065193176,
        0.7570757865905762,
        0.8275796175003052,
        0.8581355214118958,
        0.8868511319160461,
        0.9072534441947937,
        0.9208973050117493,
        0.930511474609375,
        0.9432351589202881,
        0.9524051547050476,
        0.9601789712905884,
        0.962273120880127,
        0.9690633416175842,
        0.9721411466598511,
        0.9739497303962708,
        0.9788361191749573,
        0.9773765802383423,
        0.9833100438117981,
        0.9847696423530579,
        0.9829927682876587,
        0.9820725917816162,
        0.9909887313842773,
        0.9878791570663452,
        0.9876887798309326
    ],
    "loss": [
        1.2334181070327759,
        0.7181326150894165,
        0.5405400991439819,
        0.4452209770679474,
        0.360770583152771,
        0.29837334156036377,
        0.2553742825984955,
        0.22778871655464172,
        0.1905771642923355,
        0.16598398983478546,
        0.14231322705745697,
        0.13024897873401642,
        0.1091289073228836,
        0.09973771870136261,
        0.0903812050819397,
        0.07697267085313797,
        0.07665898650884628,
        0.06369949877262115,
        0.056129880249500275,
        0.05769386142492294,
        0.062439095228910446,
        0.03763100877404213,
        0.042609550058841705,
        0.04406563192605972
    ],
    "val_accuracy": [
        0.6874427199363708,
        0.8056828379631042,
        0.8505957722663879,
        0.8634280562400818,
        0.9000916481018066,
        0.9120073318481445,
        0.9239230155944824,
        0.9514207243919373,
        0.9358386993408203,
        0.9440879821777344,
        0.9679193496704102,
        0.9670027494430542,
        0.9651695489883423,
        0.9761686325073242,
        0.9670027494430542,
        0.979835033416748,
        0.9816681742668152,
        0.986251175403595,
        0.986251175403595,
        0.9871677160263062,
        0.9816681742668152,
        0.9844179749488831,
        0.9844179749488831,
        0.9871677160263062
    ],
    "val_loss": [
        0.8994747400283813,
        0.6003909111022949,
        0.4685667157173157,
        0.4128618538379669,
        0.317087322473526,
        0.2831641733646393,
        0.22344298660755157,
        0.17745880782604218,
        0.19952581822872162,
        0.16637761890888214,
        0.11467614024877548,
        0.11662832647562027,
        0.10640008747577667,
        0.08609781414270401,
        0.10720185935497284,
        0.06318661570549011,
        0.06857944279909134,
        0.05580313876271248,
        0.05011375993490219,
        0.04998026788234711,
        0.056741904467344284,
        0.045425157994031906,
        0.049669209867715836,
        0.05312064290046692
    ]
}