{
    "accuracy": [
        0.7222363352775574,
        0.9426323175430298,
        0.9765198826789856,
        0.9876253604888916,
        0.9928290247917175,
        0.9935271143913269,
        0.9967001080513,
        0.9937174916267395,
        0.9999048113822937,
        0.9999365210533142,
        0.9949866533279419,
        1.0
    ],
    "loss": [
        0.8105521202087402,
        0.18032999336719513,
        0.07535475492477417,
        0.04364859312772751,
        0.025269322097301483,
        0.023013906553387642,
        0.01270649116486311,
        0.021645046770572662,
        0.0017861287342384458,
        0.0010214888025075197,
        0.017978832125663757,
        0.0007284856401383877
    ],
    "val_accuracy": [
        0.8909257650375366,
        0.9385884404182434,
        0.9413382411003113,
        0.986251175403595,
        0.9972502589225769,
        0.9890009164810181,
        1.0,
        0.999083399772644,
        1.0,
        1.0,
        0.999083399772644,
        1.0
    ],
    "val_loss": [
        0.3300956189632416,
        0.17819395661354065,
        0.15859824419021606,
        0.04038643091917038,
        0.01327415183186531,
        0.02499168924987316,
        0.0026835878379642963,
        0.003349778475239873,
        0.0012002653675153852,
        0.0005950163467787206,
        0.002952371723949909,
        0.0006432731170207262
    ]
}