{
    "accuracy": [
        0.8675910830497742,
        0.9920040369033813,
        0.9963193535804749,
        0.9979058504104614,
        0.9945741891860962,
        0.9992702007293701,
        1.0,
        1.0,
        1.0,
        0.9944155216217041,
        1.0
    ],
    "loss": [
        0.4101592004299164,
        0.029883181676268578,
        0.014156622812151909,
        0.0066317724995315075,
        0.01789412833750248,
        0.002666961634531617,
        0.00011537456884980202,
        5.840660378453322e-05,
        3.609545819927007e-05,
        0.01800747774541378,
        0.0003059210430365056
    ],
    "val_accuracy": [
        0.9835013747215271,
        0.9972502589225769,
        1.0,
        1.0,
        0.9935838580131531,
        1.0,
        1.0,
        1.0,
        1.0,
        1.0,
        1.0
    ],
    "val_loss": [
        0.05893762409687042,
        0.014596519991755486,
        0.001655985601246357,
        0.00047593124327249825,
        0.01477296743541956,
        0.0003140711924061179,
        7.103032112354413e-05,
        4.344207263784483e-05,
        3.30463626596611e-05,
        0.0017749980324879289,
        8.598025306127965e-05
    ]
}