{
    "accuracy": [
        0.8708909749984741,
        0.9910839200019836,
        0.9958116412162781,
        0.9966049194335938,
        0.9999048113822937,
        1.0,
        1.0,
        1.0,
        0.9913060069084167,
        1.0
    ],
    "loss": [
        0.4043348431587219,
        0.034582316875457764,
        0.016542719677090645,
        0.012047398835420609,
        0.0011803723173215985,
        0.00023151635832618922,
        0.00012723144027404487,
        7.982864190125838e-05,
        0.02734999917447567,
        0.00031202376703731716
    ],
    "val_accuracy": [
        0.980751633644104,
        0.9926672577857971,
        0.9926672577857971,
        1.0,
        1.0,
        1.0,
        1.0,
        1.0,
        1.0,
        1.0
    ],
    "val_loss": [
        0.07011528313159943,
        0.040759723633527756,
        0.022195396944880486,
        0.004244011361151934,
        0.0002445941208861768,
        0.00020822191436309367,
        0.00010934234887827188,
        4.687463297159411e-05,
        0.0006455135298892856,
        0.00022258075478021055
    ]
}