{
    "accuracy": [
        0.8464272022247314,
        0.9931463599205017,
        0.9944472908973694,
        1.0,
        1.0,
        1.0,
        0.9924800395965576,
        0.9985404014587402
    ],
    "loss": [
        0.44469088315963745,
        0.02531404048204422,
        0.01852748729288578,
        0.0004135497147217393,
        0.00013059710909146816,
        0.0001266475737793371,
        0.025689179077744484,
        0.004753060173243284
    ],
    "val_accuracy": [
        0.9835013747215271,
        1.0,
        1.0,
        1.0,
        1.0,
        1.0,
        1.0,
        1.0
    ],
    "val_loss": [
        0.056203145533800125,
        0.0040376498363912106,
        0.002047886373475194,
        0.0001736816921038553,
        8.799446368357167e-05,
        5.9640045947162434e-05,
        0.005117576103657484,
        0.00023238234280142933
    ]
}