{
    "accuracy": [
        0.5561619400978088,
        0.8544865846633911,
        0.9367939829826355,
        0.9634788632392883,
        0.9747112393379211,
        0.9845792651176453,
        0.987054169178009,
        0.9930194020271301,
        0.9930828809738159,
        0.9939712882041931,
        0.9949866533279419,
        0.9972394704818726,
        0.9976202845573425,
        0.9940347671508789,
        0.9991750121116638
    ],
    "loss": [
        1.1892412900924683,
        0.45397722721099854,
        0.21730394661426544,
        0.1309947371482849,
        0.08710877597332001,
        0.05682426318526268,
        0.04746953397989273,
        0.027542397379875183,
        0.0250201765447855,
        0.022628305479884148,
        0.020186113193631172,
        0.012028558179736137,
        0.009413826279342175,
        0.022005507722496986,
        0.00470251590013504
    ],
    "val_accuracy": [
        0.7415215373039246,
        0.9037580490112305,
        0.9340054988861084,
        0.9615032076835632,
        0.9624198079109192,
        0.9697525501251221,
        0.9844179749488831,
        0.9926672577857971,
        0.9880843162536621,
        0.9871677160263062,
        0.9981667995452881,
        0.9981667995452881,
        1.0,
        1.0,
        1.0
    ],
    "val_loss": [
        0.710976779460907,
        0.3168189823627472,
        0.20265229046344757,
        0.12347995489835739,
        0.11394114047288895,
        0.07643795013427734,
        0.04037945345044136,
        0.036506537348032,
        0.031072985380887985,
        0.04370642453432083,
        0.012927629984915257,
        0.008226658217608929,
        0.0038554202765226364,
        0.00520847225561738,
        0.005961589049547911
    ]
}