{
    "accuracy": [
        0.9061111807823181,
        0.9967952966690063,
        0.9983817934989929,
        1.0,
        0.9959703087806702,
        0.999492347240448,
        1.0,
        1.0,
        1.0,
        0.9963510632514954,
        1.0
    ],
    "loss": [
        0.3107861280441284,
        0.0202389657497406,
        0.00810127705335617,
        0.0009012433001771569,
        0.012923972681164742,
        0.0034019704908132553,
        0.00026578811230137944,
        0.00013548856077250093,
        8.871880709193647e-05,
        0.013015370815992355,
        0.0005617067799903452
    ],
    "val_accuracy": [
        0.9844179749488831,
        1.0,
        1.0,
        1.0,
        0.985334575176239,
        1.0,
        1.0,
        1.0,
        1.0,
        1.0,
        1.0
    ],
    "val_loss": [
        0.04956475645303726,
        0.004570033401250839,
        0.0015128736849874258,
        0.0006291942554526031,
        0.03631429374217987,
        0.0005089074256829917,
        0.00022514659212902188,
        0.00022362069285009056,
        7.768806244712323e-05,
        0.0016094667371362448,
        0.00021720903168898076
    ]
}