{
    "accuracy": [
        0.8158712983131409,
        0.9862292408943176,
        0.9963510632514954,
        0.9958116412162781,
        0.9973664283752441,
        1.0,
        0.9959703087806702,
        0.9967635273933411,
        1.0,
        1.0,
        1.0,
        1.0,
        1.0,
        0.9992067813873291,
        0.996097207069397
    ],
    "loss": [
        0.5485089421272278,
        0.05336699262261391,
        0.016480611637234688,
        0.01538798026740551,
        0.010050375014543533,
        0.000504921015817672,
        0.013498548418283463,
        0.011380539275705814,
        0.00024440325796604156,
        0.00012545593199320138,
        8.167407941073179e-05,
        5.1108898333041e-05,
        3.6463941796682775e-05,
        0.004383486695587635,
        0.014236596412956715
    ],
    "val_accuracy": [
        0.9642530083656311,
        0.9917507171630859,
        1.0,
        1.0,
        1.0,
        1.0,
        0.980751633644104,
        1.0,
        1.0,
        1.0,
        1.0,
        1.0,
        1.0,
        0.9193400740623474,
        1.0
    ],
    "val_loss": [
        0.10596061497926712,
        0.02432812564074993,
        0.005001615267246962,
        0.0019608433358371258,
        0.000546892755664885,
        0.0005188211798667908,
        0.04961882904171944,
        0.0004256892134435475,
        0.00026217877166345716,
        0.00013239902909845114,
        8.077726670308039e-05,
        8.753975271247327e-05,
        3.0608625820605084e-05,
        0.2666972875595093,
        0.00021775202185381204
    ]
}