{
    "accuracy": [
        0.5562571287155151,
        0.8522655367851257,
        0.9150907397270203,
        0.9401573538780212,
        0.9554829001426697,
        0.9656364917755127,
        0.9718238115310669,
        0.9784553647041321,
        0.9821677803993225,
        0.9832148551940918,
        0.9886089563369751,
        0.9877839684486389
    ],
    "loss": [
        1.2601851224899292,
        0.46832147240638733,
        0.27654004096984863,
        0.1925467550754547,
        0.14156560599803925,
        0.10946623980998993,
        0.08813314884901047,
        0.06803085654973984,
        0.05783538520336151,
        0.052774325013160706,
        0.03833730146288872,
        0.03776669129729271
    ],
    "val_accuracy": [
        0.7690192461013794,
        0.8964253067970276,
        0.9330888986587524,
        0.9340054988861084,
        0.9679193496704102,
        0.9468377828598022,
        0.9642530083656311,
        0.9770852327346802,
        0.9651695489883423,
        0.986251175403595,
        0.980751633644104,
        0.9835013747215271
    ],
    "val_loss": [
        0.6820238828659058,
        0.3627392649650574,
        0.23328764736652374,
        0.2078532576560974,
        0.1129310205578804,
        0.13604944944381714,
        0.09391631186008453,
        0.07341265678405762,
        0.10090923309326172,
        0.04007212445139885,
        0.0479278638958931,
        0.05252679064869881
    ]
}