{
    "accuracy": [
        0.808383047580719,
        0.9819456934928894,
        0.9948280453681946,
        0.9971442818641663,
        0.9945741891860962,
        1.0,
        1.0,
        1.0,
        0.9916867613792419
    ],
    "loss": [
        0.574125349521637,
        0.06400937587022781,
        0.020050939172506332,
        0.010659661144018173,
        0.017463037744164467,
        0.00034131581196561456,
        0.00017692179244477302,
        0.00010872510756598786,
        0.030477646738290787
    ],
    "val_accuracy": [
        0.9725022912025452,
        0.986251175403595,
        1.0,
        0.9926672577857971,
        1.0,
        1.0,
        1.0,
        1.0,
        1.0
    ],
    "val_loss": [
        0.10640547424554825,
        0.05141142010688782,
        0.006214751396328211,
        0.017265310510993004,
        0.0013462826609611511,
        0.0002802321396302432,
        0.00015661508950870484,
        0.0001802928454708308,
        0.0005020092939957976
    ]
}