{
    "accuracy": [
        0.7336907982826233,
        0.9430765509605408,
        0.9798832535743713,
        0.9935588240623474,
        0.9926386475563049,
        0.9973346590995789,
        0.9982548356056213,
        0.9959703087806702,
        0.9952722191810608,
        0.9998731017112732,
        1.0,
        0.9965731501579285,
        0.9996192455291748,
        0.9971125721931458,
        0.9983817934989929
    ],
    "loss": [
        0.7872066497802734,
        0.18612244725227356,
        0.07331191003322601,
        0.030186805874109268,
        0.02946324832737446,
        0.012631863355636597,
        0.008097182959318161,
        0.015159417875111103,
        0.014016130939126015,
        0.0012578485766425729,
        0.0004305988550186157,
        0.012464531697332859,
        0.0019166282145306468,
        0.008316614665091038,
        0.005291608162224293
    ],
    "val_accuracy": [
        0.8835930228233337,
        0.9532539248466492,
        0.995417058467865,
        0.9972502589225769,
        0.996333658695221,
        0.999083399772644,
        0.999083399772644,
        1.0,
        0.999083399772644,
        1.0,
        1.0,
        1.0,
        1.0,
        0.9972502589225769,
        1.0
    ],
    "val_loss": [
        0.3180328905582428,
        0.12798257172107697,
        0.030332248657941818,
        0.01498587429523468,
        0.011777727864682674,
        0.008231488056480885,
        0.0061007714830338955,
        0.0015239438507705927,
        0.006085300352424383,
        0.0004190207691863179,
        0.0003061840543523431,
        0.0017601890722289681,
        0.00030051611247472465,
        0.009378142654895782,
        0.001668428536504507
    ]
}