{
    "accuracy": [
        0.8787599802017212,
        0.9928607940673828,
        0.9975568056106567,
        0.9987625479698181,
        0.9985721707344055,
        0.9999682903289795,
        0.996033787727356,
        1.0,
        1.0,
        1.0,
        1.0,
        1.0,
        1.0,
        0.9967952966690063
    ],
    "loss": [
        0.40765684843063354,
        0.038784537464380264,
        0.013231134042143822,
        0.006474787835031748,
        0.0058189816772937775,
        0.0008246176294051111,
        0.013595636002719402,
        0.0003895162371918559,
        0.0001952544116647914,
        0.00012556494039017707,
        8.107825851766393e-05,
        5.430259261629544e-05,
        3.577761890483089e-05,
        0.012313933111727238
    ],
    "val_accuracy": [
        0.986251175403595,
        0.999083399772644,
        1.0,
        0.9981667995452881,
        1.0,
        0.999083399772644,
        1.0,
        1.0,
        1.0,
        1.0,
        1.0,
        1.0,
        1.0,
        1.0
    ],
    "val_loss": [
        0.06677386909723282,
        0.012623896822333336,
        0.005847494583576918,
        0.006399696227163076,
        0.0007852443959563971,
        0.0029893135651946068,
        0.000650468748062849,
        0.00026885996339842677,
        0.00017465809651184827,
        0.00010580777598079294,
        7.128615834517404e-05,
        4.480712959775701e-05,
        5.421414243755862e-05,
        0.000590937037486583
    ]
}