{
    "accuracy": [
        0.8106041550636292,
        0.9864830374717712,
        0.9948597550392151,
        0.9957164525985718,
        0.9953356981277466
    ],
    "loss": [
        0.5669559836387634,
        0.04727453365921974,
        0.018615875393152237,
        0.016126463189721107,
        0.0162741057574749
    ],
    "val_accuracy": [
        0.985334575176239,
        0.989917516708374,
        1.0,
        0.999083399772644,
        0.9981667995452881
    ],
    "val_loss": [
        0.06198052316904068,
        0.03367134556174278,
        0.002076161792501807,
        0.007301011588424444,
        0.006126318126916885
    ]
}