{
    "accuracy": [
        0.7163028120994568,
        0.9377776384353638,
        0.9751871824264526,
        0.9868955612182617,
        0.9933684468269348,
        0.994701087474823,
        0.9979692697525024,
        0.9969221949577332,
        0.9971760511398315,
        0.9981279373168945,
        0.999492347240448,
        0.9999682903289795,
        0.9967001080513,
        1.0,
        0.9996827244758606,
        1.0,
        0.9974298477172852
    ],
    "loss": [
        0.8486689329147339,
        0.22816120088100433,
        0.10311798006296158,
        0.05721857398748398,
        0.032058678567409515,
        0.025300659239292145,
        0.013039616867899895,
        0.013018838129937649,
        0.012076123617589474,
        0.0077934591099619865,
        0.0034691286273300648,
        0.0012541356263682246,
        0.01261086668819189,
        0.0009544389322400093,
        0.0016849888488650322,
        0.0004668107139877975,
        0.008778449147939682
    ],
    "val_accuracy": [
        0.8991750478744507,
        0.9660861492156982,
        0.9761686325073242,
        0.9871677160263062,
        0.9981667995452881,
        0.999083399772644,
        0.995417058467865,
        1.0,
        1.0,
        0.999083399772644,
        1.0,
        1.0,
        1.0,
        1.0,
        1.0,
        1.0,
        0.9890009164810181
    ],
    "val_loss": [
        0.3244979679584503,
        0.1349967122077942,
        0.07860690355300903,
        0.055032879114151,
        0.02178347110748291,
        0.00947313942015171,
        0.013495572842657566,
        0.0037721002008765936,
        0.0028457604348659515,
        0.0068402839824557304,
        0.0016939815832301974,
        0.000714689027518034,
        0.0020382371731102467,
        0.0006782049313187599,
        0.0005825833650305867,
        0.0007730419747531414,
        0.04397914931178093
    ]
}