{
    "accuracy": [
        0.7674831748008728,
        0.9411410093307495,
        0.9709036946296692,
        0.9835638999938965,
        0.9895291328430176,
        0.9927021265029907,
        0.9906396865844727
    ],
    "loss": [
        0.7197173833847046,
        0.19764885306358337,
        0.1017165556550026,
        0.057603999972343445,
        0.03691595047712326,
        0.027341654524207115,
        0.029387090355157852
    ],
    "val_accuracy": [
        0.9138405323028564,
        0.9615032076835632,
        0.9734188914299011,
        0.99083411693573,
        0.9981667995452881,
        0.989917516708374,
        0.9880843162536621
    ],
    "val_loss": [
        0.32108059525489807,
        0.11525030434131622,
        0.0804552286863327,
        0.029981227591633797,
        0.01905021257698536,
        0.0319049134850502,
        0.0391862578690052
    ]
}