{
    "accuracy": [
        0.6290138363838196,
        0.793977677822113,
        0.849409818649292,
        0.8716842532157898,
        0.8859944343566895,
        0.8995113372802734,
        0.908744752407074,
        0.9150907397270203,
        0.9219761490821838,
        0.9296547770500183,
        0.9370478391647339,
        0.9424419403076172,
        0.9453927874565125,
        0.9501205682754517,
        0.95367431640625,
        0.9570059776306152,
        0.9577674865722656
    ],
    "loss": [
        1.1110879182815552,
        0.6673217415809631,
        0.5047783255577087,
        0.42323946952819824,
        0.370195597410202,
        0.3263908624649048,
        0.2937867045402527,
        0.26952552795410156,
        0.2481277585029602,
        0.22620940208435059,
        0.20742356777191162,
        0.19227977097034454,
        0.1808331161737442,
        0.16735431551933289,
        0.1576317697763443,
        0.1474532037973404,
        0.1406848430633545
    ],
    "val_accuracy": [
        0.7186067700386047,
        0.83868008852005,
        0.8432630896568298,
        0.8753437399864197,
        0.8936755061149597,
        0.8982585072517395,
        0.8716773390769958,
        0.9046745896339417,
        0.9220898151397705,
        0.9202566742897034,
        0.9239230155944824,
        0.9468377828598022,
        0.9450045824050903,
        0.9532539248466492,
        0.9633364081382751,
        0.9129239320755005,
        0.9440879821777344
    ],
    "val_loss": [
        0.8096473813056946,
        0.5540717840194702,
        0.4678872227668762,
        0.3999263346195221,
        0.3559682071208954,
        0.2962741553783417,
        0.35107842087745667,
        0.2727697193622589,
        0.22891239821910858,
        0.24094858765602112,
        0.2285885363817215,
        0.1722433716058731,
        0.17101576924324036,
        0.16137640178203583,
        0.13638968765735626,
        0.2312447726726532,
        0.15956158936023712
    ]
}