{
    "accuracy": [
        0.8094936013221741,
        0.9617019891738892,
        0.9819774031639099,
        0.9896243214607239,
        0.9901319742202759,
        0.9925752282142639,
        0.9970173835754395,
        0.9905127286911011,
        0.9962241649627686,
        0.994701087474823,
        0.9967318177223206,
        0.9910839200019836
    ],
    "loss": [
        0.5856133103370667,
        0.1244109570980072,
        0.05789502337574959,
        0.034390199929475784,
        0.031825773417949677,
        0.023732446134090424,
        0.010151579044759274,
        0.033578697592020035,
        0.01420106552541256,
        0.016513416543602943,
        0.009592456743121147,
        0.02907920815050602
    ],
    "val_accuracy": [
        0.9101741313934326,
        0.979835033416748,
        0.99083411693573,
        0.9770852327346802,
        0.996333658695221,
        0.9688359498977661,
        0.9981667995452881,
        0.99083411693573,
        0.9972502589225769,
        1.0,
        0.9110907316207886,
        0.9880843162536621
    ],
    "val_loss": [
        0.26216351985931396,
        0.0683533176779747,
        0.034954044967889786,
        0.07706776261329651,
        0.01412627100944519,
        0.09048125892877579,
        0.013389833271503448,
        0.02746887132525444,
        0.011054625734686852,
        0.001529307453893125,
        0.4122335910797119,
        0.03055412694811821
    ]
}