{
    "accuracy": [
        0.8093032240867615,
        0.9663028120994568,
        0.9810572266578674,
        0.9861340522766113,
        0.9904493093490601,
        0.9951770305633545,
        0.9917502403259277,
        0.9911791086196899,
        0.9931463599205017,
        0.9904175400733948
    ],
    "loss": [
        0.5831820368766785,
        0.11294576525688171,
        0.05951140820980072,
        0.04421116039156914,
        0.03218075633049011,
        0.014961103908717632,
        0.027480466291308403,
        0.029956184327602386,
        0.022957833483815193,
        0.03075525164604187
    ],
    "val_accuracy": [
        0.9440879821777344,
        0.99083411693573,
        0.9926672577857971,
        0.9935838580131531,
        0.996333658695221,
        0.9890009164810181,
        1.0,
        1.0,
        1.0,
        0.994500458240509
    ],
    "val_loss": [
        0.16695788502693176,
        0.04745868220925331,
        0.03158450126647949,
        0.020281106233596802,
        0.014686168171465397,
        0.03185487911105156,
        0.001281084376387298,
        0.0007957909256219864,
        0.0027063372544944286,
        0.011580108664929867
    ]
}