{
    "accuracy": [
        0.7254093289375305,
        0.9075390100479126,
        0.9478042721748352,
        0.9659855365753174,
        0.9784553647041321,
        0.9834370017051697,
        0.988450288772583,
        0.991908848285675,
        0.9912742972373962,
        0.9956847429275513,
        0.9950184226036072
    ],
    "loss": [
        0.8360518217086792,
        0.3231181204319,
        0.18785354495048523,
        0.1273169368505478,
        0.0871487408876419,
        0.06619054824113846,
        0.048221565783023834,
        0.036528415977954865,
        0.033238690346479416,
        0.019101085141301155,
        0.02192133478820324
    ],
    "val_accuracy": [
        0.8588451147079468,
        0.9257562160491943,
        0.9358386993408203,
        0.9725022912025452,
        0.985334575176239,
        0.9935838580131531,
        0.9880843162536621,
        0.9935838580131531,
        0.995417058467865,
        0.9890009164810181,
        0.989917516708374
    ],
    "val_loss": [
        0.4625464975833893,
        0.24404563009738922,
        0.17643344402313232,
        0.09685319662094116,
        0.05853196978569031,
        0.040713779628276825,
        0.04100705683231354,
        0.03277317062020302,
        0.02235131338238716,
        0.0366116538643837,
        0.03380650281906128
    ]
}