{
    "accuracy": [
        0.6869526505470276,
        0.9028112888336182,
        0.9511042237281799,
        0.9668739438056946,
        0.9772179126739502,
        0.9832148551940918,
        0.9846109747886658,
        0.9871811270713806,
        0.9856580495834351,
        0.9910839200019836,
        0.9927656054496765,
        0.9913060069084167,
        0.9907665848731995,
        0.9922896027565002,
        0.9949232339859009,
        0.9921627044677734
    ],
    "loss": [
        0.9048886895179749,
        0.3041541874408722,
        0.16282883286476135,
        0.10855843126773834,
        0.0761217474937439,
        0.057572584599256516,
        0.0494835302233696,
        0.04061310365796089,
        0.04472362995147705,
        0.030015798285603523,
        0.024054693058133125,
        0.026133010163903236,
        0.02755923755466938,
        0.02741130441427231,
        0.016834527254104614,
        0.024081235751509666
    ],
    "val_accuracy": [
        0.8331805467605591,
        0.9211732149124146,
        0.9587534666061401,
        0.9770852327346802,
        0.975252091884613,
        0.9780018329620361,
        0.9789184331893921,
        0.9835013747215271,
        0.99083411693573,
        0.996333658695221,
        0.9981667995452881,
        0.9880843162536621,
        0.999083399772644,
        0.9981667995452881,
        0.999083399772644,
        0.9972502589225769
    ],
    "val_loss": [
        0.4598854184150696,
        0.20902913808822632,
        0.13823112845420837,
        0.07839743793010712,
        0.07791204750537872,
        0.06955132633447647,
        0.05919376015663147,
        0.04991757124662399,
        0.03639834001660347,
        0.01809505745768547,
        0.00931247603148222,
        0.031843166798353195,
        0.004945653956383467,
        0.004728694446384907,
        0.00487183453515172,
        0.013649716041982174
    ]
}