{
    "accuracy": [
        0.7778271436691284,
        0.946471631526947,
        0.9779477119445801,
        0.989338755607605,
        0.9909252524375916,
        0.9939078688621521,
        0.9931463599205017,
        0.9949232339859009,
        0.9954625964164734,
        0.9938760995864868,
        0.9974298477172852,
        0.9952405095100403,
        0.9958434104919434,
        0.9982548356056213,
        0.9965731501579285,
        1.0
    ],
    "loss": [
        0.6945455074310303,
        0.19429919123649597,
        0.09172424674034119,
        0.05074078217148781,
        0.03817751631140709,
        0.025525178760290146,
        0.02505660615861416,
        0.019596701487898827,
        0.016317427158355713,
        0.01975402608513832,
        0.010235777124762535,
        0.01585770770907402,
        0.013094116002321243,
        0.00600858498364687,
        0.011775828897953033,
        0.0006048718350939453
    ],
    "val_accuracy": [
        0.9129239320755005,
        0.9679193496704102,
        0.989917516708374,
        0.996333658695221,
        0.9917507171630859,
        0.996333658695221,
        0.9981667995452881,
        0.9596700072288513,
        0.999083399772644,
        1.0,
        1.0,
        0.9981667995452881,
        1.0,
        1.0,
        1.0,
        1.0
    ],
    "val_loss": [
        0.30169472098350525,
        0.14268140494823456,
        0.05986950919032097,
        0.024178164079785347,
        0.02824227884411812,
        0.015813758596777916,
        0.007785407360643148,
        0.1167815774679184,
        0.006500744726508856,
        0.0031156381592154503,
        0.003008426632732153,
        0.00881264079362154,
        0.0014565607998520136,
        0.0005927974707446992,
        0.0008387027191929519,
        0.0006606204551644623
    ]
}