{
    "accuracy": [
        0.8040043115615845,
        0.9645577073097229,
        0.9808351397514343,
        0.9864513278007507,
        0.9888310432434082,
        0.9929876923561096,
        0.9939712882041931,
        0.988894522190094,
        0.9913377165794373,
        0.9940982460975647
    ],
    "loss": [
        0.5811929702758789,
        0.10899438709020615,
        0.05956181511282921,
        0.042827922850847244,
        0.03553736209869385,
        0.023569241166114807,
        0.018645746633410454,
        0.03501734137535095,
        0.028470005840063095,
        0.017589744180440903
    ],
    "val_accuracy": [
        0.9514207243919373,
        0.980751633644104,
        0.9404216408729553,
        0.986251175403595,
        0.986251175403595,
        0.9789184331893921,
        1.0,
        1.0,
        0.9514207243919373,
        0.9871677160263062
    ],
    "val_loss": [
        0.14929735660552979,
        0.050544269382953644,
        0.2135578840970993,
        0.031587980687618256,
        0.031283073127269745,
        0.05736886337399483,
        0.0008121432038024068,
        0.0004881439090240747,
        0.17557749152183533,
        0.031067708507180214
    ]
}