{
    "accuracy": [
        0.7728772759437561,
        0.9526589512825012,
        0.9785188436508179,
        0.9847696423530579,
        0.9885772466659546,
        0.9891800880432129,
        0.9874666929244995,
        0.9928290247917175,
        0.9950501322746277,
        0.996097207069397
    ],
    "loss": [
        0.6753637194633484,
        0.1492854803800583,
        0.06782398372888565,
        0.04792708903551102,
        0.041110437363386154,
        0.035206038504838943,
        0.03766186535358429,
        0.02243746630847454,
        0.01652435213327408,
        0.014454225078225136
    ],
    "val_accuracy": [
        0.9303391575813293,
        0.9761686325073242,
        0.9147571325302124,
        0.9972502589225769,
        0.9981667995452881,
        0.980751633644104,
        0.9972502589225769,
        0.999083399772644,
        0.9715856909751892,
        0.9972502589225769
    ],
    "val_loss": [
        0.21614684164524078,
        0.08936859667301178,
        0.2694399356842041,
        0.018952863290905952,
        0.01233587134629488,
        0.057439256459474564,
        0.006557836662977934,
        0.00499376468360424,
        0.08499085158109665,
        0.00818245392292738
    ]
}