{
    "accuracy": [
        0.6797499656677246,
        0.8910394906997681,
        0.9406333565711975,
        0.9635105729103088,
        0.9739497303962708,
        0.9842302203178406,
        0.9878474473953247,
        0.9911156296730042,
        0.9907665848731995
    ],
    "loss": [
        0.9584490656852722,
        0.3627931475639343,
        0.20203743875026703,
        0.12775161862373352,
        0.09352649748325348,
        0.06046236678957939,
        0.045461952686309814,
        0.03473972901701927,
        0.03352084383368492
    ],
    "val_accuracy": [
        0.835013747215271,
        0.9083409905433655,
        0.9459211826324463,
        0.9605866074562073,
        0.9835013747215271,
        0.9835013747215271,
        0.995417058467865,
        0.9789184331893921,
        0.989917516708374
    ],
    "val_loss": [
        0.5141719579696655,
        0.27770131826400757,
        0.16390149295330048,
        0.11295130848884583,
        0.06096833199262619,
        0.05787133425474167,
        0.02359197475016117,
        0.057505931705236435,
        0.03330071642994881
    ]
}