{
    "accuracy": [
        0.8416360020637512,
        0.9703325033187866,
        0.9809620380401611,
        0.9821043014526367,
        0.9891800880432129,
        0.9903858304023743,
        0.9913377165794373
    ],
    "loss": [
        0.4665413796901703,
        0.08908820152282715,
        0.056004054844379425,
        0.05402805283665657,
        0.03442113474011421,
        0.030840348452329636,
        0.027924492955207825
    ],
    "val_accuracy": [
        0.9569202661514282,
        0.9835013747215271,
        0.996333658695221,
        0.9780018329620361,
        0.999083399772644,
        0.999083399772644,
        0.9981667995452881
    ],
    "val_loss": [
        0.11826557666063309,
        0.043124400079250336,
        0.017171375453472137,
        0.07289499789476395,
        0.0026770818512886763,
        0.003941938281059265,
        0.004605731461197138
    ]
}