{
    "accuracy": [
        0.7888056635856628,
        0.9493590593338013,
        0.9769006371498108,
        0.9880695343017578,
        0.9907031059265137,
        0.9914329051971436,
        0.9918136596679688,
        0.9959385991096497,
        0.9947645664215088,
        0.9938443899154663,
        0.9998096227645874,
        0.9933367371559143,
        0.9997461438179016,
        0.9950184226036072,
        0.9936540126800537
    ],
    "loss": [
        0.6617171168327332,
        0.18150992691516876,
        0.08687237650156021,
        0.04977564513683319,
        0.03653738275170326,
        0.029667139053344727,
        0.02860748954117298,
        0.013955707661807537,
        0.018379876390099525,
        0.01914604753255844,
        0.0024869204498827457,
        0.020107723772525787,
        0.0022002696059644222,
        0.0157163143157959,
        0.02080736868083477
    ],
    "val_accuracy": [
        0.8964253067970276,
        0.9715856909751892,
        0.9835013747215271,
        0.986251175403595,
        0.9871677160263062,
        0.995417058467865,
        0.9972502589225769,
        0.999083399772644,
        1.0,
        0.999083399772644,
        1.0,
        0.999083399772644,
        1.0,
        0.9981667995452881,
        1.0
    ],
    "val_loss": [
        0.32760733366012573,
        0.09979592263698578,
        0.06883835047483444,
        0.05608346685767174,
        0.0434463806450367,
        0.02051154151558876,
        0.008150032721459866,
        0.005868532694876194,
        0.0026058917865157127,
        0.0040573664009571075,
        0.0023334170691668987,
        0.004183828365057707,
        0.001043610624037683,
        0.004800356924533844,
        0.0014439990045502782
    ]
}