{
    "accuracy": [
        0.8405889272689819,
        0.9705228805541992,
        0.9836907982826233,
        0.9875935912132263,
        0.986038863658905,
        0.9993019700050354,
        0.985435962677002,
        0.9894022345542908
    ],
    "loss": [
        0.4685481786727905,
        0.09385455399751663,
        0.04912831261754036,
        0.03935302421450615,
        0.04278024286031723,
        0.0031274755019694567,
        0.04649844020605087,
        0.034422729164361954
    ],
    "val_accuracy": [
        0.9459211826324463,
        0.9780018329620361,
        0.9926672577857971,
        0.9981667995452881,
        0.9871677160263062,
        0.999083399772644,
        0.9880843162536621,
        0.9981667995452881
    ],
    "val_loss": [
        0.132374107837677,
        0.059572961181402206,
        0.018953580409288406,
        0.014801464043557644,
        0.034735653549432755,
        0.0011695974972099066,
        0.03275783732533455,
        0.007146465592086315
    ]
}