{
    "accuracy": [
        0.7838557958602905,
        0.9470110535621643,
        0.9774717688560486,
        0.98749840259552,
        0.9916232824325562,
        0.9954308867454529,
        0.9896560311317444,
        0.9975885152816772,
        0.9967318177223206,
        0.9973981380462646,
        0.9980327486991882,
        0.994637668132782
    ],
    "loss": [
        0.6822218894958496,
        0.19339092075824738,
        0.0910710021853447,
        0.05211436748504639,
        0.035303182899951935,
        0.022934695705771446,
        0.0362788625061512,
        0.012212926521897316,
        0.011972975917160511,
        0.010572669096291065,
        0.008214669302105904,
        0.020379090681672096
    ],
    "val_accuracy": [
        0.9165902733802795,
        0.9642530083656311,
        0.9917507171630859,
        0.994500458240509,
        0.995417058467865,
        0.9935838580131531,
        0.9981667995452881,
        0.9926672577857971,
        1.0,
        1.0,
        0.999083399772644,
        1.0
    ],
    "val_loss": [
        0.2919790744781494,
        0.12859739363193512,
        0.05188751220703125,
        0.034325260668992996,
        0.025180580094456673,
        0.022622810676693916,
        0.009856157004833221,
        0.02195328287780285,
        0.002943853847682476,
        0.0022642789408564568,
        0.004192258231341839,
        0.002460513962432742
    ]
}