{
    "accuracy": [
        0.8172991275787354,
        0.9692220091819763,
        0.9841033220291138,
        0.9890214204788208,
        0.9883233904838562,
        0.9912742972373962,
        0.9986673593521118,
        0.9936857223510742,
        0.9999365210533142,
        0.9993653893470764,
        0.9871493577957153
    ],
    "loss": [
        0.5554023385047913,
        0.1009354218840599,
        0.05295214429497719,
        0.0353708416223526,
        0.036860547959804535,
        0.026685763150453568,
        0.004708834458142519,
        0.02253003790974617,
        0.0007927725091576576,
        0.0023142818827182055,
        0.04703236743807793
    ],
    "val_accuracy": [
        0.9596700072288513,
        0.989917516708374,
        0.9926672577857971,
        0.9688359498977661,
        1.0,
        0.996333658695221,
        1.0,
        0.999083399772644,
        1.0,
        0.9193400740623474,
        0.999083399772644
    ],
    "val_loss": [
        0.12410620599985123,
        0.04364719241857529,
        0.02453448623418808,
        0.11014332622289658,
        0.00625106506049633,
        0.015596624463796616,
        0.0024268494453281164,
        0.004437530878931284,
        0.0013815885176882148,
        0.3158190846443176,
        0.003175370628014207
    ]
}