{
    "accuracy": [
        0.8166328072547913,
        0.977725625038147,
        0.9895608425140381,
        0.9961289763450623,
        0.9938126802444458,
        0.9997461438179016,
        0.9930828809738159
    ],
    "loss": [
        0.5611931681632996,
        0.07541601359844208,
        0.034899890422821045,
        0.014809501357376575,
        0.021963201463222504,
        0.0010630128672346473,
        0.025838151574134827
    ],
    "val_accuracy": [
        0.9404216408729553,
        0.996333658695221,
        0.9935838580131531,
        0.999083399772644,
        1.0,
        0.9679193496704102,
        1.0
    ],
    "val_loss": [
        0.1852789968252182,
        0.021271871402859688,
        0.022099699825048447,
        0.0035712565295398235,
        0.0012076843995600939,
        0.08527002483606339,
        0.0013289451599121094
    ]
}