{
    "accuracy": [
        0.8559461832046509,
        0.9893070459365845,
        0.9938760995864868,
        0.996033787727356,
        1.0,
        1.0,
        1.0,
        0.9898146986961365,
        0.9969221949577332
    ],
    "loss": [
        0.42436015605926514,
        0.03633255511522293,
        0.021870136260986328,
        0.012795637361705303,
        0.0002778992347884923,
        6.610543641727418e-05,
        4.2124655010411516e-05,
        0.03850340470671654,
        0.010626910254359245
    ],
    "val_accuracy": [
        0.975252091884613,
        0.9981667995452881,
        0.996333658695221,
        1.0,
        1.0,
        1.0,
        1.0,
        0.9926672577857971,
        0.999083399772644
    ],
    "val_loss": [
        0.06273487210273743,
        0.009464549832046032,
        0.01161998976022005,
        0.0002260035980725661,
        7.971483137225732e-05,
        5.669196616508998e-05,
        3.3242558856727555e-05,
        0.0181549321860075,
        0.002269520191475749
    ]
}