{
    "accuracy": [
        0.76507169008255,
        0.974044919013977,
        0.991908848285675,
        0.994637668132782,
        0.9970173835754395,
        0.9985404014587402,
        1.0,
        0.9934319257736206,
        0.9997779130935669
    ],
    "loss": [
        0.6904726624488831,
        0.09822593629360199,
        0.03189708665013313,
        0.02060035429894924,
        0.011270908638834953,
        0.006103333551436663,
        0.000584687979426235,
        0.020028121769428253,
        0.0015665568644180894
    ],
    "val_accuracy": [
        0.9569202661514282,
        0.989917516708374,
        0.9972502589225769,
        1.0,
        0.999083399772644,
        1.0,
        1.0,
        0.999083399772644,
        1.0
    ],
    "val_loss": [
        0.1740199327468872,
        0.04114846885204315,
        0.015600896440446377,
        0.004892665892839432,
        0.004593038931488991,
        0.0013549838913604617,
        0.000709360174369067,
        0.007572355680167675,
        0.0013341467129066586
    ]
}