{
    "accuracy": [
        0.581545889377594,
        0.8058446645736694,
        0.8684794902801514,
        0.9067140221595764,
        0.9312412738800049,
        0.9419977068901062,
        0.9481216073036194,
        0.9542137384414673,
        0.9567521214485168,
        0.9693171977996826
    ],
    "loss": [
        1.1333073377609253,
        0.5354013442993164,
        0.379694402217865,
        0.28971314430236816,
        0.22073407471179962,
        0.18345695734024048,
        0.15711313486099243,
        0.1318398118019104,
        0.12691470980644226,
        0.10419757664203644
    ],
    "val_accuracy": [
        0.7827681303024292,
        0.840513288974762,
        0.8762603402137756,
        0.9101741313934326,
        0.9486709237098694,
        0.9486709237098694,
        0.9578368663787842,
        0.9688359498977661,
        0.9697525501251221,
        0.9670027494430542
    ],
    "val_loss": [
        0.6618074178695679,
        0.46475842595100403,
        0.3525046110153198,
        0.26761528849601746,
        0.18048854172229767,
        0.1625880002975464,
        0.1326393336057663,
        0.11395767331123352,
        0.11477871239185333,
        0.12374090403318405
    ]
}