{
    "accuracy": [
        0.8989084959030151,
        0.9938443899154663,
        0.9999365210533142,
        0.9918771386146545,
        0.9999048113822937,
        1.0,
        1.0,
        1.0,
        1.0,
        1.0,
        1.0,
        1.0,
        0.9944790005683899,
        0.9962875843048096
    ],
    "loss": [
        0.3158203661441803,
        0.02273462899029255,
        0.0014909827150404453,
        0.024349534884095192,
        0.0005675391876138747,
        8.161104778992012e-05,
        4.671178976423107e-05,
        3.11614312522579e-05,
        1.8752571122604422e-05,
        1.2082628927601036e-05,
        7.303160600713454e-06,
        5.018228875997011e-06,
        0.022711608558893204,
        0.01170453429222107
    ],
    "val_accuracy": [
        0.996333658695221,
        1.0,
        1.0,
        0.994500458240509,
        1.0,
        1.0,
        1.0,
        1.0,
        1.0,
        1.0,
        1.0,
        1.0,
        0.9633364081382751,
        1.0
    ],
    "val_loss": [
        0.02168753370642662,
        0.0044131032191216946,
        0.0005057543166913092,
        0.011810396797955036,
        0.0001707426563370973,
        9.074166155187413e-05,
        7.546188862761483e-05,
        6.62077873130329e-05,
        3.5687895433511585e-05,
        5.8558627642923966e-05,
        2.0571513232425787e-05,
        1.4063756680116057e-05,
        0.11415492743253708,
        0.00030277337646111846
    ]
}