{
    "accuracy": [
        0.83640056848526,
        0.9882282018661499,
        0.9963827729225159,
        0.9994288682937622,
        0.9951770305633545,
        0.9999365210533142,
        0.9999682903289795,
        0.9942569136619568,
        0.9998731017112732
    ],
    "loss": [
        0.5117554068565369,
        0.05728776007890701,
        0.018882405012845993,
        0.0059549929574131966,
        0.01637718640267849,
        0.0016362820751965046,
        0.0009580514742992818,
        0.016975104808807373,
        0.0017870948649942875
    ],
    "val_accuracy": [
        0.9780018329620361,
        0.995417058467865,
        0.9917507171630859,
        0.999083399772644,
        0.9972502589225769,
        1.0,
        1.0,
        0.989917516708374,
        1.0
    ],
    "val_loss": [
        0.11076664924621582,
        0.033281825482845306,
        0.027219370007514954,
        0.006123468279838562,
        0.007657318376004696,
        0.001157378894276917,
        0.0006886803894303739,
        0.027492526918649673,
        0.0009272423922084272
    ]
}