{
    "accuracy": [
        0.7526970505714417,
        0.9611625671386719,
        0.9831514358520508,
        0.991908848285675,
        0.9929242134094238,
        0.9917184710502625,
        0.9967318177223206,
        0.9966366291046143
    ],
    "loss": [
        0.7336882948875427,
        0.13075752556324005,
        0.05715375021100044,
        0.02865281142294407,
        0.023027483373880386,
        0.0255512073636055,
        0.011911685578525066,
        0.011776392348110676
    ],
    "val_accuracy": [
        0.9431713819503784,
        0.9642530083656311,
        0.994500458240509,
        0.996333658695221,
        0.9871677160263062,
        1.0,
        0.9981667995452881,
        0.996333658695221
    ],
    "val_loss": [
        0.19471463561058044,
        0.11826694756746292,
        0.025070641189813614,
        0.016102394089102745,
        0.03316338360309601,
        0.003061618423089385,
        0.0073380316607654095,
        0.008632919751107693
    ]
}