{
    "accuracy": [
        0.9229915142059326,
        0.9962875843048096,
        0.9981914162635803,
        0.997493326663971
    ],
    "loss": [
        0.2556350529193878,
        0.017357178032398224,
        0.008569256402552128,
        0.008185246028006077
    ],
    "val_accuracy": [
        0.9890009164810181,
        1.0,
        0.994500458240509,
        0.996333658695221
    ],
    "val_loss": [
        0.03797087445855141,
        0.0037062393967062235,
        0.01685555838048458,
        0.014129572547972202
    ]
}