{
    "accuracy": [
        0.4310508966445923,
        0.6601091623306274,
        0.7574247717857361,
        0.8054004311561584,
        0.8426830768585205,
        0.8786330819129944,
        0.8924038410186768,
        0.9038583636283875,
        0.9183906316757202,
        0.9187396764755249,
        0.9253712296485901,
        0.9341921806335449,
        0.9385074377059937,
        0.9466937184333801,
        0.9499619007110596
    ],
    "loss": [
        1.580780267715454,
        0.9617787003517151,
        0.6784505844116211,
        0.5299972891807556,
        0.4321150779724121,
        0.35972219705581665,
        0.30703452229499817,
        0.2791435718536377,
        0.2388242781162262,
        0.2259083092212677,
        0.2057420313358307,
        0.17953862249851227,
        0.16968022286891937,
        0.14860013127326965,
        0.14051274955272675
    ],
    "val_accuracy": [
        0.5646196007728577,
        0.7176901698112488,
        0.8111823797225952,
        0.83868008852005,
        0.8945921063423157,
        0.8845096230506897,
        0.8900091648101807,
        0.9202566742897034,
        0.9202566742897034,
        0.9110907316207886,
        0.9413382411003113,
        0.9459211826324463,
        0.9514207243919373,
        0.9468377828598022,
        0.8909257650375366
    ],
    "val_loss": [
        1.1502928733825684,
        0.7915745973587036,
        0.571982204914093,
        0.4552871882915497,
        0.3703712522983551,
        0.35575205087661743,
        0.32762324810028076,
        0.2493605613708496,
        0.23858080804347992,
        0.27438801527023315,
        0.18410135805606842,
        0.1660289317369461,
        0.15136826038360596,
        0.15987949073314667,
        0.36943256855010986
    ]
}