{
    "accuracy": [
        0.8727947473526001,
        0.9886089563369751,
        0.9947962760925293,
        0.9949549436569214,
        0.9998413324356079,
        0.9925117492675781,
        0.9998413324356079
    ],
    "loss": [
        0.39419791102409363,
        0.037999965250492096,
        0.017990102991461754,
        0.01544555090367794,
        0.001475654193200171,
        0.02816883474588394,
        0.0012041189474985003
    ],
    "val_accuracy": [
        0.9743354916572571,
        1.0,
        0.9981667995452881,
        1.0,
        1.0,
        1.0,
        1.0
    ],
    "val_loss": [
        0.08745769411325455,
        0.00738711329177022,
        0.005633014719933271,
        0.0014698514714837074,
        0.00032535812351852655,
        0.002033993834629655,
        0.00039363704854622483
    ]
}