{
    "accuracy": [
        0.4053496718406677,
        0.5958560705184937,
        0.6515737771987915,
        0.6939967274665833,
        0.726837158203125,
        0.7456212639808655,
        0.7880759239196777,
        0.8085734248161316,
        0.824850857257843,
        0.8377014994621277,
        0.8436349630355835,
        0.8531856536865234,
        0.8574374914169312,
        0.864925742149353,
        0.8713669180870056,
        0.8814253211021423,
        0.879331111907959,
        0.8917692303657532,
        0.8951008915901184,
        0.9023353457450867,
        0.9090303182601929
    ],
    "loss": [
        1.5247482061386108,
        1.0867867469787598,
        0.9143674373626709,
        0.8206343054771423,
        0.7431488633155823,
        0.6807754635810852,
        0.6181943416595459,
        0.5742740631103516,
        0.5329837203025818,
        0.4946720004081726,
        0.46952030062675476,
        0.4424925744533539,
        0.4244411885738373,
        0.4033740758895874,
        0.38598689436912537,
        0.3646267056465149,
        0.35166260600090027,
        0.32139721512794495,
        0.308025062084198,
        0.2945219576358795,
        0.2828456163406372
    ],
    "val_accuracy": [
        0.5747020840644836,
        0.6342805027961731,
        0.675527036190033,
        0.7461044788360596,
        0.7635197043418884,
        0.7671860456466675,
        0.82034832239151,
        0.7910174131393433,
        0.824931263923645,
        0.835930347442627,
        0.844179630279541,
        0.8615948557853699,
        0.8478460311889648,
        0.8698441982269287,
        0.8799266815185547,
        0.8872594237327576,
        0.8799266815185547,
        0.9037580490112305,
        0.9019248485565186,
        0.8927589654922485,
        0.9037580490112305
    ],
    "val_loss": [
        1.1894923448562622,
        0.9583315253257751,
        0.875521719455719,
        0.7424588799476624,
        0.6732544898986816,
        0.6073036193847656,
        0.5566905736923218,
        0.6013494729995728,
        0.4635806679725647,
        0.4557150602340698,
        0.45001330971717834,
        0.3929450511932373,
        0.42898428440093994,
        0.3658919334411621,
        0.341377854347229,
        0.34538087248802185,
        0.33492574095726013,
        0.28362149000167847,
        0.26875561475753784,
        0.2985503375530243,
        0.28328651189804077
    ]
}