{
    "accuracy": [
        0.9149003624916077,
        0.9972394704818726,
        0.9984769821166992,
        0.9974616169929504,
        1.0,
        1.0,
        1.0,
        1.0,
        0.995589554309845,
        0.9998413324356079
    ],
    "loss": [
        0.2847749590873718,
        0.01708839274942875,
        0.006799692753702402,
        0.009131358936429024,
        0.00041996684740297496,
        0.00018153646669816226,
        0.0001105005358112976,
        7.851209375075996e-05,
        0.013958965428173542,
        0.0010878919856622815
    ],
    "val_accuracy": [
        0.9935838580131531,
        0.999083399772644,
        0.9972502589225769,
        1.0,
        1.0,
        1.0,
        1.0,
        1.0,
        0.9972502589225769,
        1.0
    ],
    "val_loss": [
        0.03021327219903469,
        0.005844211671501398,
        0.019904280081391335,
        0.0009003286832012236,
        0.0002687041705939919,
        0.00018020137213170528,
        0.0001251043431693688,
        7.775212725391611e-05,
        0.011264192871749401,
        0.00045428104931488633
    ]
}