{
    "accuracy": [
        0.8678448796272278,
        0.9933684468269348,
        0.9984135031700134,
        0.998603880405426
    ],
    "loss": [
        0.4358251988887787,
        0.03860775753855705,
        0.012362755835056305,
        0.007357420865446329
    ],
    "val_accuracy": [
        0.9761686325073242,
        0.9972502589225769,
        0.985334575176239,
        0.9926672577857971
    ],
    "val_loss": [
        0.08894065767526627,
        0.014910848811268806,
        0.049412257969379425,
        0.019167566671967506
    ]
}