{
    "accuracy": [
        0.8915154337882996,
        0.9928290247917175,
        0.9975568056106567,
        0.9999682903289795,
        1.0,
        0.9923213720321655,
        0.998096227645874
    ],
    "loss": [
        0.33688703179359436,
        0.026131458580493927,
        0.008700976148247719,
        0.00037192966556176543,
        0.00012174712173873559,
        0.024624459445476532,
        0.005865458399057388
    ],
    "val_accuracy": [
        0.994500458240509,
        1.0,
        1.0,
        1.0,
        1.0,
        0.9972502589225769,
        1.0
    ],
    "val_loss": [
        0.029864313080906868,
        0.006539586931467056,
        0.0009961262112483382,
        0.0003624270320869982,
        0.00016496174794156104,
        0.009799281135201454,
        0.00023145676823332906
    ]
}