{
    "accuracy": [
        0.8707957863807678,
        0.9910204410552979,
        0.9934636354446411,
        0.9999682903289795,
        1.0,
        1.0,
        1.0,
        1.0,
        1.0,
        1.0,
        0.9828023910522461,
        0.9998413324356079
    ],
    "loss": [
        0.3869945704936981,
        0.029554950073361397,
        0.020610375329852104,
        0.0007258793339133263,
        8.019807864911854e-05,
        4.0420502045890316e-05,
        2.4842705897754058e-05,
        1.6529276763321832e-05,
        8.732091373531148e-06,
        5.055219389760168e-06,
        0.07057258486747742,
        0.0012532640248537064
    ],
    "val_accuracy": [
        0.9660861492156982,
        1.0,
        0.9972502589225769,
        1.0,
        1.0,
        1.0,
        1.0,
        1.0,
        1.0,
        1.0,
        1.0,
        1.0
    ],
    "val_loss": [
        0.08763178437948227,
        0.0015112117398530245,
        0.008664990775287151,
        0.00016305342433042824,
        8.601946319686249e-05,
        4.6055960410740227e-05,
        3.197983460268006e-05,
        2.526685238990467e-05,
        1.2311197679082397e-05,
        1.1238316801609471e-05,
        0.0047648269683122635,
        0.00032168475445359945
    ]
}