{
    "accuracy": [
        0.7547277808189392,
        0.931463360786438,
        0.9617019891738892,
        0.9748064279556274,
        0.9823264479637146,
        0.9859119057655334,
        0.9896243214607239,
        0.989846408367157,
        0.9884185791015625,
        0.9905762076377869,
        0.9931145906448364,
        0.9917184710502625,
        0.9952087998390198,
        0.9945741891860962
    ],
    "loss": [
        0.7591489553451538,
        0.24724216759204865,
        0.14433446526527405,
        0.09484995901584625,
        0.06834033131599426,
        0.054590098559856415,
        0.04044639691710472,
        0.037265826016664505,
        0.03821311518549919,
        0.031221827492117882,
        0.0236563328653574,
        0.02824169024825096,
        0.01688675582408905,
        0.019871758297085762
    ],
    "val_accuracy": [
        0.8982585072517395,
        0.9450045824050903,
        0.9303391575813293,
        0.9743354916572571,
        0.9697525501251221,
        0.9890009164810181,
        0.9816681742668152,
        0.9880843162536621,
        0.9541704654693604,
        0.999083399772644,
        0.9972502589225769,
        0.999083399772644,
        0.9972502589225769,
        0.995417058467865
    ],
    "val_loss": [
        0.36259615421295166,
        0.195393905043602,
        0.19083872437477112,
        0.07835689932107925,
        0.10559915006160736,
        0.04191161319613457,
        0.06214384362101555,
        0.03964481130242348,
        0.1335335522890091,
        0.01125475112348795,
        0.020785214379429817,
        0.01081800926476717,
        0.013274756260216236,
        0.016534408554434776
    ]
}