{
    "accuracy": [
        0.6944726705551147,
        0.8666074275970459,
        0.9209607839584351,
        0.9472014307975769,
        0.9619240760803223,
        0.9696027636528015,
        0.9760439395904541,
        0.9808351397514343,
        0.9825485348701477,
        0.9852455854415894,
        0.9888628125190735,
        0.9882282018661499,
        0.9909252524375916,
        0.9902271628379822,
        0.9896243214607239,
        0.9942886233329773,
        0.9942251443862915,
        0.9934319257736206,
        0.9953356981277466
    ],
    "loss": [
        0.9164759516716003,
        0.4228709042072296,
        0.25974908471107483,
        0.18570539355278015,
        0.13831233978271484,
        0.11002271622419357,
        0.08893970400094986,
        0.07200729846954346,
        0.06247570738196373,
        0.05249950289726257,
        0.043819624930620193,
        0.04203183203935623,
        0.0339067243039608,
        0.03321012109518051,
        0.034899454563856125,
        0.02215389348566532,
        0.021973859518766403,
        0.022585852071642876,
        0.016479672864079475
    ],
    "val_accuracy": [
        0.8065994381904602,
        0.9083409905433655,
        0.9349220991134644,
        0.9486709237098694,
        0.9642530083656311,
        0.9734188914299011,
        0.9596700072288513,
        0.9697525501251221,
        0.9871677160263062,
        0.989917516708374,
        0.989917516708374,
        0.9761686325073242,
        0.989917516708374,
        0.999083399772644,
        0.9972502589225769,
        0.9789184331893921,
        0.9981667995452881,
        0.989917516708374,
        0.989917516708374
    ],
    "val_loss": [
        0.5671654343605042,
        0.31908804178237915,
        0.20413333177566528,
        0.16294743120670319,
        0.12335814535617828,
        0.08671068400144577,
        0.11537403613328934,
        0.08041205257177353,
        0.04938611015677452,
        0.04342498630285263,
        0.034056682139635086,
        0.06965670734643936,
        0.03024434670805931,
        0.017558161169290543,
        0.0168191809207201,
        0.060068678110837936,
        0.014249703846871853,
        0.033980514854192734,
        0.035053350031375885
    ]
}