{
    "accuracy": [
        0.7513326406478882,
        0.9207704067230225,
        0.9601154923439026,
        0.9708085060119629,
        0.983595609664917,
        0.983595609664917,
        0.9905127286911011,
        0.9888310432434082,
        0.9952722191810608,
        0.9917502403259277,
        0.9922261834144592,
        0.9966049194335938,
        0.9935588240623474,
        0.9938443899154663
    ],
    "loss": [
        0.7787594199180603,
        0.2708856165409088,
        0.148173987865448,
        0.101536326110363,
        0.06476759910583496,
        0.05535183101892471,
        0.03678826987743378,
        0.03757389634847641,
        0.01955215446650982,
        0.02837403677403927,
        0.026165861636400223,
        0.012812783010303974,
        0.021669596433639526,
        0.021928666159510612
    ],
    "val_accuracy": [
        0.8991750478744507,
        0.9321722984313965,
        0.9688359498977661,
        0.986251175403595,
        0.9880843162536621,
        0.9935838580131531,
        0.9890009164810181,
        0.996333658695221,
        0.994500458240509,
        0.996333658695221,
        0.996333658695221,
        1.0,
        0.9972502589225769,
        0.999083399772644
    ],
    "val_loss": [
        0.37539830803871155,
        0.23363004624843597,
        0.11005393415689468,
        0.06253919750452042,
        0.050750408321619034,
        0.030154429376125336,
        0.03224153444170952,
        0.0185893215239048,
        0.020129716023802757,
        0.010950527153909206,
        0.008072072640061378,
        0.003698534332215786,
        0.0138297313824296,
        0.005250692833214998
    ]
}