{
    "accuracy": [
        0.8361150026321411,
        0.9714430570602417,
        0.9827389121055603,
        0.9824851155281067,
        0.9857532978057861,
        0.9862926602363586,
        0.9900050759315491,
        0.9916232824325562,
        0.9920675158500671
    ],
    "loss": [
        0.4792007505893707,
        0.08604446798563004,
        0.050869688391685486,
        0.05340418592095375,
        0.045192617923021317,
        0.04305649176239967,
        0.03307953476905823,
        0.028447551652789116,
        0.029779138043522835
    ],
    "val_accuracy": [
        0.9688359498977661,
        0.986251175403595,
        0.9743354916572571,
        0.9917507171630859,
        0.9981667995452881,
        0.99083411693573,
        1.0,
        0.9871677160263062,
        0.9871677160263062
    ],
    "val_loss": [
        0.11312852799892426,
        0.04680921137332916,
        0.1022789254784584,
        0.021571330726146698,
        0.005221858620643616,
        0.01743311807513237,
        0.0010293733794242144,
        0.031800687313079834,
        0.03297453001141548
    ]
}