{
    "accuracy": [
        0.6801624298095703,
        0.8690823912620544,
        0.92867112159729,
        0.9567521214485168,
        0.9699517488479614,
        0.9772179126739502,
        0.9827706813812256,
        0.9859753847122192,
        0.9881330132484436,
        0.9886089563369751,
        0.9892118573188782,
        0.9924165606498718
    ],
    "loss": [
        0.9632783532142639,
        0.4241960346698761,
        0.23440735042095184,
        0.1469266712665558,
        0.10275314748287201,
        0.07705111056566238,
        0.05945049598813057,
        0.0481560155749321,
        0.041507065296173096,
        0.03759348392486572,
        0.03531472012400627,
        0.02488643117249012
    ],
    "val_accuracy": [
        0.8038496971130371,
        0.9138405323028564,
        0.9459211826324463,
        0.9660861492156982,
        0.975252091884613,
        0.9780018329620361,
        0.9825847744941711,
        0.9926672577857971,
        0.989917516708374,
        0.9935838580131531,
        0.994500458240509,
        0.9734188914299011
    ],
    "val_loss": [
        0.6166923642158508,
        0.3300890028476715,
        0.19898593425750732,
        0.11675801873207092,
        0.09074694663286209,
        0.07315050810575485,
        0.07438180595636368,
        0.04106694087386131,
        0.04008692875504494,
        0.02772688865661621,
        0.02783561684191227,
        0.07933113723993301
    ]
}