{
    "accuracy": [
        0.8505520820617676,
        0.9718238115310669,
        0.9796611070632935,
        0.9860705733299255
    ],
    "loss": [
        0.44218453764915466,
        0.08350551873445511,
        0.059286508709192276,
        0.04590656980872154
    ],
    "val_accuracy": [
        0.9697525501251221,
        0.9890009164810181,
        0.9532539248466492,
        0.9770852327346802
    ],
    "val_loss": [
        0.1048111692070961,
        0.04024180769920349,
        0.10348263382911682,
        0.06206541135907173
    ]
}