{
    "accuracy": [
        0.8141579031944275,
        0.9658903479576111,
        0.982580304145813,
        0.9863561391830444,
        0.9898781776428223,
        0.9913694858551025,
        0.9878157377243042,
        0.9938760995864868
    ],
    "loss": [
        0.5619350671768188,
        0.11324408650398254,
        0.056342948228120804,
        0.04298556223511696,
        0.03224143758416176,
        0.02742641046643257,
        0.04303809627890587,
        0.01768903061747551
    ],
    "val_accuracy": [
        0.9505041241645813,
        0.980751633644104,
        0.9697525501251221,
        0.9477543830871582,
        0.995417058467865,
        0.999083399772644,
        0.996333658695221,
        0.995417058467865
    ],
    "val_loss": [
        0.1528017371892929,
        0.08548279851675034,
        0.08272511512041092,
        0.1783737987279892,
        0.019003411754965782,
        0.0044465502724051476,
        0.015899470075964928,
        0.015659047290682793
    ]
}