{
    "accuracy": [
        0.7550767660140991,
        0.9477090835571289,
        0.9722997546195984,
        0.9828341007232666,
        0.9836590886116028,
        0.9869589805603027,
        0.989846408367157,
        0.9858167171478271,
        0.9909252524375916,
        0.9933684468269348,
        0.9939395785331726,
        0.9915915727615356,
        0.9923847913742065,
        0.9929242134094238
    ],
    "loss": [
        0.7402955889701843,
        0.17404679954051971,
        0.09353209286928177,
        0.05719250440597534,
        0.049506980925798416,
        0.04285294935107231,
        0.03049219399690628,
        0.04408945515751839,
        0.02806275710463524,
        0.02141549624502659,
        0.020064912736415863,
        0.026109904050827026,
        0.027212683111429214,
        0.02218121476471424
    ],
    "val_accuracy": [
        0.9120073318481445,
        0.9706690907478333,
        0.9825847744941711,
        0.8606782555580139,
        0.9890009164810181,
        0.9935838580131531,
        0.996333658695221,
        0.9761686325073242,
        0.996333658695221,
        0.9935838580131531,
        0.9981667995452881,
        0.999083399772644,
        0.9981667995452881,
        0.9935838580131531
    ],
    "val_loss": [
        0.2834468483924866,
        0.10283467173576355,
        0.07154780626296997,
        0.4270792305469513,
        0.03820997476577759,
        0.026509402319788933,
        0.022039346396923065,
        0.08282875269651413,
        0.01323927566409111,
        0.02037343941628933,
        0.0076529900543391705,
        0.00472609605640173,
        0.007319892756640911,
        0.01826373115181923
    ]
}