{
    "accuracy": [
        0.7943584322929382,
        0.9505648016929626,
        0.9790264964103699,
        0.9885454773902893,
        0.9895608425140381,
        0.9913060069084167,
        0.9922896027565002,
        0.992797315120697,
        0.9910839200019836,
        0.996541440486908
    ],
    "loss": [
        0.6490468382835388,
        0.17170396447181702,
        0.08124097436666489,
        0.04536836966872215,
        0.036456797271966934,
        0.03071867860853672,
        0.026162294670939445,
        0.025545243173837662,
        0.029483800753951073,
        0.012792865745723248
    ],
    "val_accuracy": [
        0.9110907316207886,
        0.9715856909751892,
        0.979835033416748,
        0.9935838580131531,
        0.9917507171630859,
        0.996333658695221,
        0.9404216408729553,
        0.9981667995452881,
        0.996333658695221,
        0.9981667995452881
    ],
    "val_loss": [
        0.26941269636154175,
        0.0993054211139679,
        0.07773670554161072,
        0.029072778299450874,
        0.02784920297563076,
        0.023383712396025658,
        0.15390177071094513,
        0.005921177566051483,
        0.02137768641114235,
        0.012007083743810654
    ]
}