{
    "accuracy": [
        0.6246033906936646,
        0.7878537774085999,
        0.8338621854782104,
        0.8670833706855774,
        0.881330132484436,
        0.8963066339492798,
        0.9055717587471008,
        0.9136312007904053,
        0.9196915626525879,
        0.9247366189956665,
        0.9314951300621033,
        0.9384756684303284,
        0.9414265751838684,
        0.9457736015319824,
        0.9478360414505005
    ],
    "loss": [
        1.1046831607818604,
        0.6510500907897949,
        0.5069984197616577,
        0.42386943101882935,
        0.376713365316391,
        0.33732035756111145,
        0.30369818210601807,
        0.2834443151950836,
        0.2609574496746063,
        0.2464088499546051,
        0.2246042788028717,
        0.20734615623950958,
        0.19638940691947937,
        0.18641546368598938,
        0.1714523434638977
    ],
    "val_accuracy": [
        0.7396883368492126,
        0.8505957722663879,
        0.8533455729484558,
        0.8487626314163208,
        0.8808432817459106,
        0.8991750478744507,
        0.9092575907707214,
        0.9156736731529236,
        0.9165902733802795,
        0.8964253067970276,
        0.9385884404182434,
        0.9321722984313965,
        0.9486709237098694,
        0.9367552995681763,
        0.9358386993408203
    ],
    "val_loss": [
        0.8034309148788452,
        0.5356084108352661,
        0.46533966064453125,
        0.45753923058509827,
        0.36709514260292053,
        0.3358037769794464,
        0.31188568472862244,
        0.2860860526561737,
        0.2748546004295349,
        0.30584511160850525,
        0.2273850440979004,
        0.23065505921840668,
        0.18646039068698883,
        0.20171713829040527,
        0.19778525829315186
    ]
}