{
    "accuracy": [
        0.7517768740653992,
        0.9280999898910522,
        0.9653826355934143,
        0.9811524152755737,
        0.981184184551239,
        0.9901637434959412,
        0.9903223514556885,
        0.9923213720321655
    ],
    "loss": [
        0.7538464069366455,
        0.22912779450416565,
        0.11592552065849304,
        0.06882281601428986,
        0.05817565321922302,
        0.03248722106218338,
        0.030684789642691612,
        0.026011427864432335
    ],
    "val_accuracy": [
        0.8982585072517395,
        0.9550870656967163,
        0.975252091884613,
        0.9880843162536621,
        0.9825847744941711,
        0.9880843162536621,
        0.9743354916572571,
        0.9743354916572571
    ],
    "val_loss": [
        0.33912011981010437,
        0.1512869894504547,
        0.09632321447134018,
        0.04940207302570343,
        0.04609422758221626,
        0.0357041098177433,
        0.06579534709453583,
        0.06929073482751846
    ]
}