{
    "accuracy": [
        0.7751300930976868,
        0.9537695050239563,
        0.9748699069023132,
        0.9868955612182617,
        0.9863244295120239,
        0.9840716123580933
    ],
    "loss": [
        0.656536877155304,
        0.14469458162784576,
        0.07710679620504379,
        0.040822241455316544,
        0.04411601275205612,
        0.05144432932138443
    ],
    "val_accuracy": [
        0.9358386993408203,
        0.9725022912025452,
        0.9816681742668152,
        0.9917507171630859,
        0.9871677160263062,
        0.9725022912025452
    ],
    "val_loss": [
        0.21445584297180176,
        0.08852498978376389,
        0.051209282130002975,
        0.029483148828148842,
        0.045781854540109634,
        0.0817268043756485
    ]
}