{
    "accuracy": [
        0.8189491033554077,
        0.9730930328369141,
        0.9765833020210266,
        0.985594630241394,
        0.9873397350311279,
        0.9937174916267395,
        0.9880378246307373,
        0.9927338361740112,
        0.996097207069397,
        0.9998731017112732,
        0.9899098873138428,
        0.9924482703208923
    ],
    "loss": [
        0.5465872883796692,
        0.0908200591802597,
        0.07220665365457535,
        0.04668085649609566,
        0.042087163776159286,
        0.019437748938798904,
        0.03735579177737236,
        0.024801595136523247,
        0.01119029801338911,
        0.0005652249092236161,
        0.03414934501051903,
        0.023585451766848564
    ],
    "val_accuracy": [
        0.9578368663787842,
        0.9844179749488831,
        0.9825847744941711,
        0.989917516708374,
        0.996333658695221,
        0.9651695489883423,
        0.9972502589225769,
        0.9660861492156982,
        0.999083399772644,
        0.999083399772644,
        0.9633364081382751,
        0.9972502589225769
    ],
    "val_loss": [
        0.1452217698097229,
        0.05871516466140747,
        0.04928760975599289,
        0.02871410921216011,
        0.012657124549150467,
        0.098124660551548,
        0.011115629225969315,
        0.09711010009050369,
        0.003631266998127103,
        0.003286199178546667,
        0.09822782129049301,
        0.011402122676372528
    ]
}