{
    "accuracy": [
        0.8225663304328918,
        0.9672864675521851,
        0.9833100438117981,
        0.992194414138794
    ],
    "loss": [
        0.5279461741447449,
        0.10140621662139893,
        0.05275789275765419,
        0.026189099997282028
    ],
    "val_accuracy": [
        0.9615032076835632,
        0.9917507171630859,
        0.986251175403595,
        0.9743354916572571
    ],
    "val_loss": [
        0.1602153480052948,
        0.0390230268239975,
        0.04475519433617592,
        0.10608498752117157
    ]
}