{
    "accuracy": [
        0.828594982624054,
        0.9683970212936401,
        0.9771544337272644,
        0.9848648309707642,
        0.9880061149597168,
        0.9847696423530579,
        0.9907983541488647
    ],
    "loss": [
        0.5163296461105347,
        0.09919978678226471,
        0.0693761482834816,
        0.04545608535408974,
        0.037208426743745804,
        0.04780856892466545,
        0.03005589172244072
    ],
    "val_accuracy": [
        0.9670027494430542,
        0.979835033416748,
        0.9450045824050903,
        0.986251175403595,
        0.996333658695221,
        0.9935838580131531,
        0.9816681742668152
    ],
    "val_loss": [
        0.11117739230394363,
        0.06146904453635216,
        0.177220419049263,
        0.052212245762348175,
        0.01755203865468502,
        0.022609928622841835,
        0.05147385224699974
    ]
}