{
    "accuracy": [
        0.9042708277702332,
        0.9975568056106567,
        0.999492347240448,
        0.9949549436569214,
        0.9996827244758606
    ],
    "loss": [
        0.317623108625412,
        0.016102097928524017,
        0.004049885086715221,
        0.016026072204113007,
        0.0020178798586130142
    ],
    "val_accuracy": [
        0.9926672577857971,
        0.9981667995452881,
        1.0,
        0.999083399772644,
        0.9981667995452881
    ],
    "val_loss": [
        0.03858540579676628,
        0.009291400201618671,
        0.0015163567150011659,
        0.0023371472489088774,
        0.014654912985861301
    ]
}