{
    "accuracy": [
        0.7663726210594177,
        0.9637644290924072,
        0.986546516418457,
        0.9922896027565002,
        0.9940664768218994,
        0.9951770305633545,
        0.995652973651886,
        0.9961606860160828,
        0.9962558746337891
    ],
    "loss": [
        0.6996661424636841,
        0.12036008387804031,
        0.05094391852617264,
        0.028201060369610786,
        0.021498948335647583,
        0.0174174215644598,
        0.014705147594213486,
        0.013728446327149868,
        0.013738325797021389
    ],
    "val_accuracy": [
        0.9202566742897034,
        0.9816681742668152,
        0.9917507171630859,
        0.9835013747215271,
        0.994500458240509,
        0.9972502589225769,
        0.999083399772644,
        0.9972502589225769,
        0.9972502589225769
    ],
    "val_loss": [
        0.26105672121047974,
        0.08681514114141464,
        0.03878633305430412,
        0.05428691580891609,
        0.014848521910607815,
        0.011037048883736134,
        0.007645009085536003,
        0.012256159447133541,
        0.008647031150758266
    ]
}