{
    "accuracy": [
        0.7887739539146423,
        0.9521830081939697,
        0.9809938073158264,
        0.9913377165794373,
        0.9941299557685852,
        0.9958751201629639,
        0.9975250959396362,
        0.9948597550392151
    ],
    "loss": [
        0.6567538380622864,
        0.17114554345607758,
        0.07629022002220154,
        0.039600010961294174,
        0.0262939240783453,
        0.018137915059924126,
        0.011087167076766491,
        0.018502360209822655
    ],
    "val_accuracy": [
        0.9358386993408203,
        0.9670027494430542,
        0.99083411693573,
        0.9935838580131531,
        0.9880843162536621,
        0.9981667995452881,
        0.994500458240509,
        0.9935838580131531
    ],
    "val_loss": [
        0.25163474678993225,
        0.11463222652673721,
        0.04696422815322876,
        0.031183140352368355,
        0.041922781616449356,
        0.010815830901265144,
        0.02120308019220829,
        0.020590780302882195
    ]
}