{
    "accuracy": [
        0.5917946696281433,
        0.8156492114067078,
        0.9003363251686096,
        0.9377459287643433,
        0.9538964629173279,
        0.962273120880127,
        0.968238353729248,
        0.9703959822654724,
        0.9706180691719055,
        0.9716969132423401,
        0.9820091128349304,
        0.9852138757705688,
        0.983595609664917
    ],
    "loss": [
        1.0692609548568726,
        0.5005729794502258,
        0.29494303464889526,
        0.19873987138271332,
        0.14929519593715668,
        0.11984643340110779,
        0.09507345408201218,
        0.08363357186317444,
        0.07267164438962936,
        0.06738755851984024,
        0.06065763160586357,
        0.05292954295873642,
        0.05448419228196144
    ],
    "val_accuracy": [
        0.7543538212776184,
        0.8799266815185547,
        0.9193400740623474,
        0.9605866074562073,
        0.9587534666061401,
        0.9651695489883423,
        0.9761686325073242,
        0.9844179749488831,
        0.9734188914299011,
        0.9844179749488831,
        0.9926672577857971,
        0.9780018329620361,
        0.9844179749488831
    ],
    "val_loss": [
        0.6298665404319763,
        0.3620744049549103,
        0.2274407148361206,
        0.14939995110034943,
        0.13721118867397308,
        0.11520331352949142,
        0.08213582634925842,
        0.05860047787427902,
        0.07026832550764084,
        0.044391192495822906,
        0.04065058007836342,
        0.07209006696939468,
        0.04647711291909218
    ]
}