{
    "accuracy": [
        0.9204848408699036,
        0.9962558746337891,
        0.9962241649627686,
        1.0,
        1.0,
        0.9943838119506836,
        0.9987942576408386
    ],
    "loss": [
        0.25199514627456665,
        0.013244806788861752,
        0.012467902153730392,
        0.00025767547776922584,
        9.048392530530691e-05,
        0.018963882699608803,
        0.003863185178488493
    ],
    "val_accuracy": [
        0.99083411693573,
        1.0,
        1.0,
        1.0,
        1.0,
        0.994500458240509,
        1.0
    ],
    "val_loss": [
        0.03638315573334694,
        0.00105995312333107,
        0.0005311534041538835,
        0.0001581122778588906,
        9.369455801788718e-05,
        0.015945658087730408,
        0.00012304939446039498
    ]
}