{
    "accuracy": [
        0.6787663698196411,
        0.9279413819313049,
        0.9689998626708984,
        0.9826120138168335,
        0.9896243214607239,
        0.9881330132484436,
        0.9936540126800537,
        0.9943521022796631,
        0.9933367371559143,
        0.9957164525985718,
        0.9949549436569214
    ],
    "loss": [
        0.9597375392913818,
        0.23234286904335022,
        0.09884442389011383,
        0.058522507548332214,
        0.03511279076337814,
        0.03668464720249176,
        0.020771734416484833,
        0.018682442605495453,
        0.02037205547094345,
        0.01330797653645277,
        0.01686103641986847
    ],
    "val_accuracy": [
        0.8881759643554688,
        0.9651695489883423,
        0.9844179749488831,
        0.9835013747215271,
        0.995417058467865,
        0.99083411693573,
        0.995417058467865,
        0.9825847744941711,
        0.996333658695221,
        0.9844179749488831,
        0.985334575176239
    ],
    "val_loss": [
        0.3658500909805298,
        0.12324021756649017,
        0.06518194079399109,
        0.05495049059391022,
        0.03241702541708946,
        0.027414092794060707,
        0.018834305927157402,
        0.051313985139131546,
        0.017781229689717293,
        0.04672723263502121,
        0.04830191284418106
    ]
}