{
    "accuracy": [
        0.9312729835510254,
        0.9965731501579285,
        0.9948280453681946,
        0.9986990690231323,
        1.0,
        0.9946058988571167,
        0.9995240569114685
    ],
    "loss": [
        0.21726521849632263,
        0.012518602423369884,
        0.016889991238713264,
        0.004060716368257999,
        5.62138193345163e-05,
        0.018123343586921692,
        0.0017823459347710013
    ],
    "val_accuracy": [
        0.9981667995452881,
        1.0,
        0.994500458240509,
        1.0,
        1.0,
        1.0,
        1.0
    ],
    "val_loss": [
        0.010672860778868198,
        0.0012710423907265067,
        0.016332492232322693,
        0.0003647893900051713,
        0.0001240668207174167,
        0.003350537270307541,
        0.0003783648426178843
    ]
}