{
    "accuracy": [
        0.4812158942222595,
        0.7021195292472839,
        0.7805559039115906,
        0.8305305242538452,
        0.8593730330467224,
        0.8805368542671204,
        0.9070313572883606,
        0.9406015872955322,
        0.9539916515350342,
        0.9586876630783081,
        0.9632567763328552,
        0.9701104164123535,
        0.9725853800773621,
        0.9705228805541992,
        0.9772496223449707
    ],
    "loss": [
        1.3795791864395142,
        0.7546111941337585,
        0.5428833365440369,
        0.440690815448761,
        0.36665216088294983,
        0.31275758147239685,
        0.2617100179195404,
        0.19763605296611786,
        0.15841294825077057,
        0.14209462702274323,
        0.12388933449983597,
        0.1063917800784111,
        0.09754563122987747,
        0.10151394456624985,
        0.08203646540641785
    ],
    "val_accuracy": [
        0.645279586315155,
        0.7442713379859924,
        0.7543538212776184,
        0.8056828379631042,
        0.844179630279541,
        0.8588451147079468,
        0.9230064153671265,
        0.9266727566719055,
        0.9541704654693604,
        0.9459211826324463,
        0.9413382411003113,
        0.9697525501251221,
        0.9679193496704102,
        0.9660861492156982,
        0.9624198079109192
    ],
    "val_loss": [
        0.9606327414512634,
        0.6523417234420776,
        0.5845000147819519,
        0.4493466317653656,
        0.3611452281475067,
        0.3533616065979004,
        0.2583724558353424,
        0.21557311713695526,
        0.15823687613010406,
        0.15044347941875458,
        0.16206318140029907,
        0.11107839643955231,
        0.10960350185632706,
        0.11783253401517868,
        0.12679067254066467
    ]
}