{
    "accuracy": [
        0.7893767952919006,
        0.9772496223449707,
        0.9894974231719971,
        0.9942886233329773,
        0.9956847429275513,
        0.9958751201629639,
        1.0,
        1.0,
        0.9929876923561096
    ],
    "loss": [
        0.6252947449684143,
        0.0768192708492279,
        0.033398568630218506,
        0.019736899062991142,
        0.01385747641324997,
        0.014292273670434952,
        0.0003338103706482798,
        0.00016000507457647473,
        0.025719521567225456
    ],
    "val_accuracy": [
        0.9615032076835632,
        0.9890009164810181,
        0.9972502589225769,
        1.0,
        0.9981667995452881,
        1.0,
        1.0,
        1.0,
        0.9972502589225769
    ],
    "val_loss": [
        0.12227419018745422,
        0.03126631677150726,
        0.015103205107152462,
        0.0034792283549904823,
        0.014471704140305519,
        0.0007778204162605107,
        0.0001892205618787557,
        0.0001982708490686491,
        0.007990465499460697
    ]
}