{
    "accuracy": [
        0.8789821267127991,
        0.9937174916267395,
        0.9949866533279419,
        0.9999048113822937,
        0.9943838119506836,
        0.9997461438179016,
        1.0,
        0.9951770305633545,
        0.9982866048812866
    ],
    "loss": [
        0.36930185556411743,
        0.0250911395996809,
        0.017335347831249237,
        0.001517448341473937,
        0.019382432103157043,
        0.0018941514426842332,
        0.000182080315425992,
        0.016851339489221573,
        0.005595938302576542
    ],
    "val_accuracy": [
        0.995417058467865,
        1.0,
        0.9981667995452881,
        1.0,
        0.9871677160263062,
        1.0,
        1.0,
        0.985334575176239,
        1.0
    ],
    "val_loss": [
        0.03687861189246178,
        0.004915023222565651,
        0.0123157799243927,
        0.0006251507438719273,
        0.03542536497116089,
        0.0005014213384129107,
        0.00019349275680724531,
        0.04380016773939133,
        0.00047897614422254264
    ]
}