{
    "accuracy": [
        0.7492067813873291,
        0.9389833807945251,
        0.9838494658470154,
        0.9957164525985718,
        0.9957799315452576,
        0.9996192455291748,
        1.0,
        0.9936857223510742,
        0.9999365210533142,
        1.0,
        0.9938443899154663,
        0.9998413324356079
    ],
    "loss": [
        0.7479128241539001,
        0.18477800488471985,
        0.07707477360963821,
        0.03888462856411934,
        0.02939385361969471,
        0.012970821931958199,
        0.006984747014939785,
        0.024487515911459923,
        0.0040635112673044205,
        0.0024392004124820232,
        0.022765960544347763,
        0.001734418561682105
    ],
    "val_accuracy": [
        0.8762603402137756,
        0.9275893568992615,
        0.9871677160263062,
        0.996333658695221,
        0.994500458240509,
        0.999083399772644,
        1.0,
        1.0,
        1.0,
        1.0,
        0.999083399772644,
        0.9926672577857971
    ],
    "val_loss": [
        0.3102174997329712,
        0.1861976832151413,
        0.06382130086421967,
        0.027234358713030815,
        0.022103317081928253,
        0.008725415915250778,
        0.006347412243485451,
        0.007791648618876934,
        0.0029978197999298573,
        0.002143468242138624,
        0.005160648375749588,
        0.01928919181227684
    ]
}