{
    "accuracy": [
        0.9021449685096741,
        0.9929876923561096,
        0.9937174916267395,
        0.9999365210533142,
        1.0,
        1.0,
        1.0,
        1.0,
        1.0,
        1.0,
        1.0,
        1.0,
        1.0,
        1.0,
        1.0,
        1.0,
        0.9903858304023743,
        1.0
    ],
    "loss": [
        0.2901700437068939,
        0.024182945489883423,
        0.02025437541306019,
        0.0004762898897752166,
        5.086044984636828e-05,
        2.449786006764043e-05,
        1.3819342711940408e-05,
        7.95903179096058e-06,
        4.54297378382762e-06,
        2.8205222406540997e-06,
        1.6934600353124551e-06,
        1.0572930477792397e-06,
        6.375395287250285e-07,
        3.5852639257427654e-07,
        2.0909860154461057e-07,
        1.351324527831821e-07,
        0.03794252499938011,
        0.00011153512605233118
    ],
    "val_accuracy": [
        0.986251175403595,
        0.999083399772644,
        1.0,
        1.0,
        1.0,
        1.0,
        1.0,
        1.0,
        1.0,
        1.0,
        1.0,
        1.0,
        1.0,
        1.0,
        1.0,
        1.0,
        1.0,
        1.0
    ],
    "val_loss": [
        0.03574506193399429,
        0.0022390494123101234,
        0.006845179013907909,
        0.00013462157221511006,
        3.81783684133552e-05,
        1.744682049320545e-05,
        1.4101558008405846e-05,
        6.863567250547931e-06,
        6.448988187912619e-06,
        2.18073637370253e-06,
        2.1779007965960773e-06,
        1.5935506780806463e-06,
        6.072804126233677e-07,
        1.0538340120547218e-06,
        3.4340533261456585e-07,
        1.8880818686284329e-07,
        0.00023443929967470467,
        5.7786648540059105e-05
    ]
}