{
    "accuracy": [
        0.8981152176856995,
        0.9980644583702087,
        0.9980010390281677,
        0.999048113822937,
        0.9968270063400269,
        1.0,
        1.0,
        1.0,
        1.0,
        1.0,
        1.0,
        1.0,
        0.9940030574798584,
        1.0
    ],
    "loss": [
        0.34266898036003113,
        0.013646354898810387,
        0.009112855419516563,
        0.0040376759134233,
        0.010568368248641491,
        0.00011797410843428224,
        7.204693974927068e-05,
        3.958858724217862e-05,
        2.5735907911439426e-05,
        1.7249962183996104e-05,
        1.3740043868892826e-05,
        8.106952918751631e-06,
        0.019739925861358643,
        0.00021697525517083704
    ],
    "val_accuracy": [
        0.996333658695221,
        1.0,
        1.0,
        0.9935838580131531,
        1.0,
        1.0,
        1.0,
        1.0,
        1.0,
        1.0,
        1.0,
        1.0,
        1.0,
        1.0
    ],
    "val_loss": [
        0.023003043606877327,
        0.0038486968260258436,
        0.002349639544263482,
        0.023470314219594002,
        0.0002953890652861446,
        0.00010982782987412065,
        7.056935282889754e-05,
        4.9819947889773175e-05,
        3.8418336771428585e-05,
        2.693371607165318e-05,
        2.2369536964106373e-05,
        1.580693970026914e-05,
        0.00040306997834704816,
        0.00031983753433451056
    ]
}