{
    "accuracy": [
        0.8443012833595276,
        0.9872445464134216,
        0.9928607940673828,
        0.9952722191810608,
        0.9995875358581543,
        0.9915280938148499,
        0.997651994228363,
        1.0,
        1.0,
        1.0,
        1.0,
        1.0,
        0.9942251443862915,
        0.9992702007293701
    ],
    "loss": [
        0.4554694890975952,
        0.04078063741326332,
        0.02375347912311554,
        0.017725490033626556,
        0.002816914115101099,
        0.027870366349816322,
        0.008239788934588432,
        0.00012822401185985655,
        5.891680848435499e-05,
        2.8523319997475483e-05,
        1.8720695152296685e-05,
        1.1116421774204355e-05,
        0.025970499962568283,
        0.00329184508882463
    ],
    "val_accuracy": [
        0.979835033416748,
        0.9981667995452881,
        0.999083399772644,
        1.0,
        0.9697525501251221,
        1.0,
        1.0,
        1.0,
        1.0,
        1.0,
        1.0,
        1.0,
        0.9935838580131531,
        1.0
    ],
    "val_loss": [
        0.07072871923446655,
        0.007226688787341118,
        0.003960598260164261,
        0.0019481125054880977,
        0.10442035645246506,
        0.0005711985286325216,
        0.0003238707722630352,
        0.00020978630345780402,
        5.487439193530008e-05,
        3.3484833693364635e-05,
        1.819100543798413e-05,
        1.131954286393011e-05,
        0.021524911746382713,
        0.0002500270784366876
    ]
}