{
    "accuracy": [
        0.865877628326416,
        0.990893542766571,
        0.9952722191810608,
        0.9952405095100403,
        0.9961923956871033,
        1.0,
        1.0,
        1.0,
        1.0,
        1.0,
        1.0,
        1.0,
        1.0,
        1.0,
        1.0,
        1.0,
        1.0,
        1.0,
        1.0,
        0.990734875202179,
        0.9998096227645874
    ],
    "loss": [
        0.3940404951572418,
        0.030618656426668167,
        0.017818676307797432,
        0.015278748236596584,
        0.014216199517250061,
        0.00010109321738127619,
        3.85212515539024e-05,
        2.056000266748015e-05,
        1.2919088476337492e-05,
        7.6283472481009085e-06,
        4.488839749683393e-06,
        3.7567906474578194e-06,
        1.535117121420626e-06,
        9.080508789338637e-07,
        5.860269993718248e-07,
        3.454760815202462e-07,
        1.991240026200103e-07,
        1.201050565668993e-07,
        7.256696221702441e-08,
        0.041862718760967255,
        0.001145011163316667
    ],
    "val_accuracy": [
        0.980751633644104,
        0.9578368663787842,
        0.9981667995452881,
        0.999083399772644,
        1.0,
        1.0,
        1.0,
        1.0,
        1.0,
        1.0,
        1.0,
        1.0,
        1.0,
        1.0,
        1.0,
        1.0,
        1.0,
        1.0,
        1.0,
        0.9981667995452881,
        1.0
    ],
    "val_loss": [
        0.0713030993938446,
        0.13386540114879608,
        0.008097603917121887,
        0.0009872781811282039,
        0.0003065889759454876,
        5.5364416766678914e-05,
        2.3018012143438682e-05,
        1.347793386230478e-05,
        7.94938750914298e-06,
        4.615392299456289e-06,
        2.810471414704807e-06,
        3.3708804494381184e-06,
        1.184790789920953e-06,
        9.2539511342693e-07,
        6.005058708069555e-07,
        4.789678769157035e-07,
        1.7897420434564992e-07,
        1.399662181711392e-07,
        1.0598578370490941e-07,
        0.008510232903063297,
        0.00014893717889208347
    ]
}