{
    "accuracy": [
        0.6676608920097351,
        0.8437619209289551,
        0.8921182751655579,
        0.9207704067230225,
        0.9453610777854919,
        0.9543406367301941,
        0.9610673785209656,
        0.9659855365753174,
        0.9708719253540039,
        0.9753141403198242,
        0.9751871824264526,
        0.979343831539154,
        0.9819456934928894,
        0.9823899269104004
    ],
    "loss": [
        0.9955785870552063,
        0.4925599694252014,
        0.3337875306606293,
        0.24753035604953766,
        0.18265491724014282,
        0.1513255387544632,
        0.13117477297782898,
        0.1100306510925293,
        0.09615729749202728,
        0.07975751161575317,
        0.07607489824295044,
        0.06625465303659439,
        0.059759993106126785,
        0.0547596700489521
    ],
    "val_accuracy": [
        0.7754353880882263,
        0.8762603402137756,
        0.9248396158218384,
        0.9560036659240723,
        0.9532539248466492,
        0.9376718401908875,
        0.9642530083656311,
        0.9743354916572571,
        0.979835033416748,
        0.9596700072288513,
        0.9789184331893921,
        0.986251175403595,
        0.9780018329620361,
        0.9734188914299011
    ],
    "val_loss": [
        0.6828629374504089,
        0.3781028687953949,
        0.2322062999010086,
        0.16943655908107758,
        0.1562223583459854,
        0.19982007145881653,
        0.1300847977399826,
        0.0924079641699791,
        0.0737125352025032,
        0.10273930430412292,
        0.0715877041220665,
        0.05145840346813202,
        0.07186394929885864,
        0.08941204100847244
    ]
}