{
    "accuracy": [
        0.7265198826789856,
        0.9000824689865112,
        0.9370478391647339,
        0.9537060260772705,
        0.964272141456604,
        0.9724901914596558,
        0.9750285744667053,
        0.9767419695854187
    ],
    "loss": [
        0.8221153616905212,
        0.3275400698184967,
        0.21028882265090942,
        0.1554996222257614,
        0.12404552847146988,
        0.09666631370782852,
        0.08352771401405334,
        0.07610435038805008
    ],
    "val_accuracy": [
        0.8854262232780457,
        0.8900091648101807,
        0.9578368663787842,
        0.9514207243919373,
        0.9761686325073242,
        0.9825847744941711,
        0.9761686325073242,
        0.9569202661514282
    ],
    "val_loss": [
        0.41594502329826355,
        0.31934139132499695,
        0.15293091535568237,
        0.16512340307235718,
        0.08316680043935776,
        0.06379621475934982,
        0.08548566699028015,
        0.15084989368915558
    ]
}