{
    "accuracy": [
        0.6697550415992737,
        0.8558827042579651,
        0.9062063694000244,
        0.9329864382743835,
        0.9443457126617432,
        0.9570693969726562,
        0.9646211266517639,
        0.9675403237342834,
        0.9765833020210266,
        0.9721411466598511,
        0.9802005290985107,
        0.9860070943832397,
        0.9792169332504272,
        0.9841668009757996
    ],
    "loss": [
        0.9895942211151123,
        0.4581747055053711,
        0.3040398359298706,
        0.21996557712554932,
        0.17782723903656006,
        0.142619326710701,
        0.11671558022499084,
        0.10011305660009384,
        0.07875415682792664,
        0.09137075394392014,
        0.0644085630774498,
        0.050045911222696304,
        0.0642785131931305,
        0.0493038035929203
    ],
    "val_accuracy": [
        0.82951420545578,
        0.9010082483291626,
        0.9230064153671265,
        0.9550870656967163,
        0.9505041241645813,
        0.9468377828598022,
        0.9743354916572571,
        0.9816681742668152,
        0.9770852327346802,
        0.980751633644104,
        0.9679193496704102,
        0.9926672577857971,
        0.980751633644104,
        0.9725022912025452
    ],
    "val_loss": [
        0.5457731485366821,
        0.3335754871368408,
        0.26184189319610596,
        0.16348864138126373,
        0.1422506868839264,
        0.14152880012989044,
        0.09392493218183517,
        0.06929051876068115,
        0.07702416926622391,
        0.0559464730322361,
        0.11043069511651993,
        0.030358416959643364,
        0.07072915881872177,
        0.0777592808008194
    ]
}