{
    "accuracy": [
        0.8063206076622009,
        0.963383674621582,
        0.9773765802383423,
        0.9784553647041321,
        0.9879109263420105,
        0.983595609664917,
        0.9924482703208923
    ],
    "loss": [
        0.5614258050918579,
        0.114193394780159,
        0.07003109157085419,
        0.0632801502943039,
        0.038289088755846024,
        0.05121072009205818,
        0.021705012768507004
    ],
    "val_accuracy": [
        0.9010082483291626,
        0.9789184331893921,
        0.9917507171630859,
        0.9780018329620361,
        0.994500458240509,
        0.9734188914299011,
        0.9835013747215271
    ],
    "val_loss": [
        0.2522997260093689,
        0.0769927054643631,
        0.03570600226521492,
        0.06696020066738129,
        0.014474481344223022,
        0.08635475486516953,
        0.04757996276021004
    ]
}