{
    "accuracy": [
        0.8179655075073242,
        0.9648749828338623,
        0.9792169332504272,
        0.9803591966629028,
        0.9867368936538696,
        0.9906713962554932
    ],
    "loss": [
        0.5289627909660339,
        0.10869422554969788,
        0.06370420753955841,
        0.05795535072684288,
        0.04133953899145126,
        0.02849550172686577
    ],
    "val_accuracy": [
        0.9404216408729553,
        0.9679193496704102,
        0.99083411693573,
        0.996333658695221,
        0.9935838580131531,
        0.980751633644104
    ],
    "val_loss": [
        0.16896890103816986,
        0.09216008335351944,
        0.03226659819483757,
        0.014431050978600979,
        0.025689711794257164,
        0.05893627554178238
    ]
}