{
    "accuracy": [
        0.8321487307548523,
        0.9683335423469543,
        0.9760756492614746,
        0.9841350317001343,
        0.9824533462524414,
        0.9918136596679688
    ],
    "loss": [
        0.4947032034397125,
        0.09465180337429047,
        0.07055316120386124,
        0.04669696465134621,
        0.05701591446995735,
        0.024942753836512566
    ],
    "val_accuracy": [
        0.9679193496704102,
        0.9715856909751892,
        0.985334575176239,
        0.9880843162536621,
        0.979835033416748,
        0.9633364081382751
    ],
    "val_loss": [
        0.08868641406297684,
        0.07464834302663803,
        0.04950203374028206,
        0.03777085989713669,
        0.058474667370319366,
        0.09354285895824432
    ]
}