{
    "accuracy": [
        0.8267546892166138,
        0.9715700149536133,
        0.9797562956809998,
        0.9904175400733948
    ],
    "loss": [
        0.5231441259384155,
        0.09409613907337189,
        0.06001044064760208,
        0.030092895030975342
    ],
    "val_accuracy": [
        0.9587534666061401,
        0.9743354916572571,
        0.9165902733802795,
        0.9550870656967163
    ],
    "val_loss": [
        0.12478607147932053,
        0.06555676460266113,
        0.26223519444465637,
        0.12112772464752197
    ]
}