{
    "accuracy": [
        0.5489592552185059,
        0.7364513278007507,
        0.806986927986145,
        0.8374476432800293,
        0.8554702401161194,
        0.8674324154853821,
        0.8792042136192322,
        0.8861530423164368,
        0.8968143463134766,
        0.9042391180992126,
        0.9120129346847534,
        0.9106802940368652,
        0.92280113697052
    ],
    "loss": [
        1.193111538887024,
        0.7022907137870789,
        0.5458894371986389,
        0.4583807587623596,
        0.4047166705131531,
        0.36613398790359497,
        0.3313974440097809,
        0.3074248135089874,
        0.27825939655303955,
        0.25932660698890686,
        0.24423356354236603,
        0.24141909182071686,
        0.21344810724258423
    ],
    "val_accuracy": [
        0.6828597784042358,
        0.8047662973403931,
        0.7415215373039246,
        0.8478460311889648,
        0.8680109977722168,
        0.8890925645828247,
        0.855178713798523,
        0.8964253067970276,
        0.9129239320755005,
        0.835013747215271,
        0.9349220991134644,
        0.9184234738349915,
        0.9330888986587524
    ],
    "val_loss": [
        0.8162471652030945,
        0.5707891583442688,
        0.67805016040802,
        0.40854549407958984,
        0.3550715148448944,
        0.29105207324028015,
        0.35077816247940063,
        0.2640150189399719,
        0.2512543499469757,
        0.41226840019226074,
        0.19481679797172546,
        0.21913394331932068,
        0.19482141733169556
    ]
}