{
    "accuracy": [
        0.6855565309524536,
        0.8615941405296326,
        0.9011930227279663,
        0.9296230673789978,
        0.9435524940490723,
        0.9523416757583618,
        0.965668261051178,
        0.9696027636528015,
        0.9728074669837952,
        0.9762977361679077,
        0.9781697988510132
    ],
    "loss": [
        0.9297714233398438,
        0.4396992325782776,
        0.31125789880752563,
        0.2288672924041748,
        0.1825837343931198,
        0.1559564769268036,
        0.11935919523239136,
        0.10081446915864944,
        0.09091470390558243,
        0.07589505612850189,
        0.07060834765434265
    ],
    "val_accuracy": [
        0.835930347442627,
        0.9046745896339417,
        0.9413382411003113,
        0.9404216408729553,
        0.9697525501251221,
        0.9569202661514282,
        0.9706690907478333,
        0.980751633644104,
        0.9825847744941711,
        0.9578368663787842,
        0.9789184331893921
    ],
    "val_loss": [
        0.5429794192314148,
        0.30525800585746765,
        0.216816246509552,
        0.20045410096645355,
        0.11924199759960175,
        0.1242157444357872,
        0.10636365413665771,
        0.07936693727970123,
        0.07081230729818344,
        0.13545526564121246,
        0.08013580739498138
    ]
}