{
    "accuracy": [
        0.7955641746520996,
        0.9556098580360413,
        0.97867751121521,
        0.9827389121055603,
        0.9853724837303162,
        0.987942636013031,
        0.9863561391830444,
        0.9904175400733948,
        0.9913694858551025,
        0.9916867613792419
    ],
    "loss": [
        0.6046342849731445,
        0.1434531956911087,
        0.0695488378405571,
        0.05513894557952881,
        0.04340579733252525,
        0.03454378992319107,
        0.04581407457590103,
        0.02743280678987503,
        0.027038276195526123,
        0.027596259489655495
    ],
    "val_accuracy": [
        0.9321722984313965,
        0.980751633644104,
        0.9697525501251221,
        0.9871677160263062,
        0.9926672577857971,
        0.9706690907478333,
        0.9981667995452881,
        0.9981667995452881,
        0.999083399772644,
        0.9789184331893921
    ],
    "val_loss": [
        0.2079695612192154,
        0.07984298467636108,
        0.09267859905958176,
        0.04223591461777687,
        0.026127103716135025,
        0.07080656290054321,
        0.007842563092708588,
        0.0036230096593499184,
        0.013267520815134048,
        0.09088976681232452
    ]
}