{
    "accuracy": [
        0.8317679762840271,
        0.9682066440582275,
        0.9774400591850281,
        0.9871176481246948,
        0.98492830991745,
        0.9917819499969482,
        0.9883233904838562,
        0.9931780695915222
    ],
    "loss": [
        0.49094635248184204,
        0.09409286081790924,
        0.0684015229344368,
        0.03993532806634903,
        0.04872811585664749,
        0.028278032317757607,
        0.03787295147776604,
        0.0224138256162405
    ],
    "val_accuracy": [
        0.9202566742897034,
        0.8790100812911987,
        0.995417058467865,
        0.9825847744941711,
        0.994500458240509,
        1.0,
        0.9981667995452881,
        0.999083399772644
    ],
    "val_loss": [
        0.2210949957370758,
        0.32942238450050354,
        0.01667058654129505,
        0.04882567748427391,
        0.015336135402321815,
        0.0015524326590821147,
        0.007486372254788876,
        0.005564473103731871
    ]
}