{
    "accuracy": [
        0.8270719647407532,
        0.9649066925048828,
        0.9763612151145935,
        0.982136070728302,
        0.9834370017051697,
        0.9911156296730042
    ],
    "loss": [
        0.5048207640647888,
        0.1022784635424614,
        0.07384470850229263,
        0.05593816190958023,
        0.05802813172340393,
        0.029670976102352142
    ],
    "val_accuracy": [
        0.9624198079109192,
        0.9312557578086853,
        0.996333658695221,
        0.9972502589225769,
        0.995417058467865,
        0.9660861492156982
    ],
    "val_loss": [
        0.10219857841730118,
        0.18656621873378754,
        0.014239874668419361,
        0.012734721414744854,
        0.013441457413136959,
        0.0898900181055069
    ]
}