{
    "accuracy": [
        0.8270719647407532,
        0.9695392847061157,
        0.9796611070632935,
        0.9851503968238831,
        0.984039843082428,
        0.9920358061790466,
        0.9897512197494507,
        0.9850552082061768,
        0.991845428943634
    ],
    "loss": [
        0.5196394920349121,
        0.09561236947774887,
        0.06052073836326599,
        0.04424547776579857,
        0.05276424065232277,
        0.02613634429872036,
        0.0335887111723423,
        0.04919028282165527,
        0.026630708947777748
    ],
    "val_accuracy": [
        0.9706690907478333,
        0.985334575176239,
        0.9890009164810181,
        0.9770852327346802,
        0.999083399772644,
        0.999083399772644,
        0.999083399772644,
        0.9917507171630859,
        0.9972502589225769
    ],
    "val_loss": [
        0.1132810190320015,
        0.047198761254549026,
        0.045933667570352554,
        0.07739245146512985,
        0.00741586834192276,
        0.007655213586986065,
        0.0072363270446658134,
        0.022965218871831894,
        0.011135570704936981
    ]
}