{
    "accuracy": [
        0.7420358061790466,
        0.9257202744483948,
        0.9634153842926025,
        0.9718872904777527,
        0.9798832535743713,
        0.9847061634063721,
        0.9857850074768066,
        0.9862609505653381,
        0.9912742972373962
    ],
    "loss": [
        0.8031031489372253,
        0.2542591691017151,
        0.13124166429042816,
        0.09303068369626999,
        0.06746470183134079,
        0.04903251677751541,
        0.04313912242650986,
        0.041940994560718536,
        0.028297103941440582
    ],
    "val_accuracy": [
        0.8799266815185547,
        0.9596700072288513,
        0.9679193496704102,
        0.9697525501251221,
        0.979835033416748,
        0.996333658695221,
        0.994500458240509,
        0.9679193496704102,
        0.9660861492156982
    ],
    "val_loss": [
        0.39633551239967346,
        0.14351461827754974,
        0.09199689328670502,
        0.10967283695936203,
        0.06669213622808456,
        0.0296936072409153,
        0.01813044399023056,
        0.0856485441327095,
        0.093647800385952
    ]
}