{
    "accuracy": [
        0.5612069964408875,
        0.7356898188591003,
        0.8047341108322144,
        0.8450310826301575,
        0.8686381578445435,
        0.8879933953285217,
        0.8997969031333923,
        0.9105216264724731,
        0.9168359041213989,
        0.922864556312561,
        0.9294009208679199,
        0.935366153717041
    ],
    "loss": [
        1.1939722299575806,
        0.7183313369750977,
        0.5504685044288635,
        0.4534817636013031,
        0.40354758501052856,
        0.34570035338401794,
        0.31200456619262695,
        0.2769605815410614,
        0.2587350010871887,
        0.24316449463367462,
        0.22720405459403992,
        0.2067096084356308
    ],
    "val_accuracy": [
        0.7103574872016907,
        0.7305224537849426,
        0.8230980634689331,
        0.8707607984542847,
        0.8918423652648926,
        0.8927589654922485,
        0.9019248485565186,
        0.9220898151397705,
        0.8753437399864197,
        0.9266727566719055,
        0.9083409905433655,
        0.9028414487838745
    ],
    "val_loss": [
        0.8611172437667847,
        0.6903594136238098,
        0.5278410315513611,
        0.405705064535141,
        0.35398444533348083,
        0.3209271728992462,
        0.3029784858226776,
        0.25446444749832153,
        0.38663357496261597,
        0.22456108033657074,
        0.2651652991771698,
        0.28364789485931396
    ]
}