{
    "accuracy": [
        0.8862165212631226,
        0.9973981380462646,
        0.9983500242233276,
        0.9967318177223206,
        0.9983500242233276
    ],
    "loss": [
        0.3764452338218689,
        0.019442910328507423,
        0.00808873400092125,
        0.01217050850391388,
        0.005821382161229849
    ],
    "val_accuracy": [
        0.994500458240509,
        0.9981667995452881,
        1.0,
        0.9972502589225769,
        0.995417058467865
    ],
    "val_loss": [
        0.03357471525669098,
        0.010709580965340137,
        0.0029158240649849176,
        0.0090028690174222,
        0.02264563739299774
    ]
}