{
    "accuracy": [
        0.19545628130435944,
        0.19612260162830353,
        0.19612260162830353,
        0.19612260162830353,
        0.19612260162830353,
        0.19612260162830353,
        0.19612260162830353,
        0.19612260162830353
    ],
    "loss": [
        2.222843885421753,
        2.1816463470458984,
        2.179506301879883,
        2.179395914077759,
        2.179377555847168,
        2.1793856620788574,
        2.179370164871216,
        2.1794095039367676
    ],
    "val_accuracy": [
        0.20439963042736053,
        0.20439963042736053,
        0.20439963042736053,
        0.20439963042736053,
        0.20439963042736053,
        0.20439963042736053,
        0.20439963042736053,
        0.20439963042736053
    ],
    "val_loss": [
        2.1759567260742188,
        2.1648809909820557,
        2.1645543575286865,
        2.1637942790985107,
        2.16410756111145,
        2.1637918949127197,
        2.1639275550842285,
        2.1642205715179443
    ]
}