{
    "accuracy": [
        0.8791090250015259,
        0.9968270063400269,
        0.995589554309845,
        0.9996192455291748,
        1.0,
        1.0,
        1.0,
        1.0,
        0.992353081703186,
        1.0
    ],
    "loss": [
        0.40919995307922363,
        0.016950953751802444,
        0.016144024208188057,
        0.002073358278721571,
        0.0002586930349934846,
        0.0001551306777400896,
        9.244280226994306e-05,
        5.813535244669765e-05,
        0.03184334933757782,
        0.00043865127372555435
    ],
    "val_accuracy": [
        0.9935838580131531,
        1.0,
        1.0,
        1.0,
        1.0,
        1.0,
        1.0,
        1.0,
        1.0,
        1.0
    ],
    "val_loss": [
        0.031321633607149124,
        0.0037003918550908566,
        0.004305309150367975,
        0.0004790640086866915,
        0.0002540534478612244,
        0.00019466855155769736,
        8.904055721359327e-05,
        6.611685239477083e-05,
        0.0007417704910039902,
        0.00032560215913690627
    ]
}