{
    "accuracy": [
        0.33475059270858765,
        0.6889199018478394,
        0.867717981338501,
        0.9397448897361755,
        0.9696027636528015,
        0.979343831539154,
        0.9852138757705688,
        0.9872445464134216,
        0.9932097792625427,
        0.9905444979667664,
        0.9954943656921387,
        0.9936223030090332,
        0.9969221949577332,
        0.9948280453681946
    ],
    "loss": [
        1.8476879596710205,
        0.883941650390625,
        0.3840353488922119,
        0.20825888216495514,
        0.12009293586015701,
        0.08277278393507004,
        0.06164901703596115,
        0.049760837107896805,
        0.026371581479907036,
        0.032063353806734085,
        0.0158232469111681,
        0.022199010476469994,
        0.009786535985767841,
        0.019124353304505348
    ],
    "val_accuracy": [
        0.48945921659469604,
        0.8432630896568298,
        0.9028414487838745,
        0.9642530083656311,
        0.9615032076835632,
        0.9835013747215271,
        0.9789184331893921,
        0.9789184331893921,
        0.9981667995452881,
        0.999083399772644,
        0.989917516708374,
        0.9981667995452881,
        0.9981667995452881,
        0.9981667995452881
    ],
    "val_loss": [
        1.332808494567871,
        0.49536246061325073,
        0.28800880908966064,
        0.142801433801651,
        0.11462140083312988,
        0.07705993205308914,
        0.07617678493261337,
        0.07238031923770905,
        0.011552863754332066,
        0.010070262476801872,
        0.04175538569688797,
        0.007052931003272533,
        0.0073307291604578495,
        0.007105071563273668
    ]
}