{
    "accuracy": [
        0.8752697110176086,
        0.9896560311317444,
        0.991908848285675,
        0.9989211559295654,
        0.9946058988571167,
        0.9948914647102356,
        0.9999682903289795,
        1.0,
        1.0,
        1.0,
        1.0,
        1.0,
        1.0,
        1.0,
        1.0,
        1.0,
        1.0,
        1.0,
        1.0,
        1.0,
        1.0,
        1.0,
        1.0,
        1.0,
        1.0,
        1.0,
        1.0,
        1.0,
        1.0,
        1.0,
        0.9922261834144592,
        0.9997779130935669
    ],
    "loss": [
        0.3758968412876129,
        0.03400509059429169,
        0.02699718251824379,
        0.00355135346762836,
        0.016560565680265427,
        0.01866431161761284,
        0.00027401288389228284,
        3.9259954064618796e-05,
        1.967632124433294e-05,
        1.1342594916641247e-05,
        6.445824510592502e-06,
        4.024148438475095e-06,
        2.213091875091777e-06,
        1.3461710750561906e-06,
        7.783744990774721e-07,
        4.61832826204045e-07,
        2.7374682076697354e-07,
        1.6381116552111052e-07,
        9.064738293318442e-08,
        5.658608159819778e-08,
        3.388736757869992e-08,
        2.0338484674198298e-08,
        1.1529057708514756e-08,
        7.103533761210201e-09,
        4.720560387028172e-09,
        2.8406577090578367e-09,
        1.947987549044683e-09,
        1.301180052593054e-09,
        1.0439700215414405e-09,
        7.716300931548403e-10,
        0.04394165053963661,
        0.001261250115931034
    ],
    "val_accuracy": [
        0.9706690907478333,
        0.999083399772644,
        1.0,
        0.9972502589225769,
        1.0,
        1.0,
        1.0,
        1.0,
        1.0,
        1.0,
        1.0,
        1.0,
        1.0,
        1.0,
        1.0,
        1.0,
        1.0,
        1.0,
        1.0,
        1.0,
        1.0,
        1.0,
        1.0,
        1.0,
        1.0,
        1.0,
        1.0,
        1.0,
        1.0,
        1.0,
        1.0,
        1.0
    ],
    "val_loss": [
        0.08243129402399063,
        0.008874871768057346,
        0.0019771454390138388,
        0.011792097240686417,
        0.00011231516691623256,
        0.0007982349488884211,
        6.67563290335238e-05,
        3.7069075915496796e-05,
        1.6019470422179438e-05,
        1.093010632757796e-05,
        6.833810857642675e-06,
        3.6021529012941755e-06,
        2.630180460982956e-06,
        1.3177506161810015e-06,
        6.434442525460327e-07,
        4.0209158669313183e-07,
        2.917358017384686e-07,
        2.0487122753820586e-07,
        1.6531680557818618e-07,
        6.042392186600409e-08,
        3.5183607138833395e-08,
        2.141611155082046e-08,
        1.3658241648784042e-08,
        4.163001676715794e-08,
        4.807705344944679e-09,
        2.7316515716080403e-09,
        1.6389909429648242e-09,
        1.7482569836246853e-09,
        1.0926606286432161e-09,
        4.3706427366174694e-10,
        0.0039006827864795923,
        0.00017363390361424536
    ]
}