{
    "accuracy": [
        0.9124888777732849,
        0.9934001564979553,
        0.9940030574798584,
        0.9992384910583496,
        1.0,
        1.0,
        1.0,
        1.0,
        1.0,
        1.0,
        1.0,
        1.0,
        1.0,
        1.0,
        0.989846408367157
    ],
    "loss": [
        0.26500123739242554,
        0.02069443091750145,
        0.016615167260169983,
        0.002234173007309437,
        5.6311950174858794e-05,
        3.0190994948497973e-05,
        1.7519250832265243e-05,
        1.0679112165234983e-05,
        7.358087714237627e-06,
        4.619168976205401e-06,
        3.068857267862768e-06,
        1.828663357628102e-06,
        1.1273079962847987e-06,
        1.3893105688111973e-06,
        0.03470227122306824
    ],
    "val_accuracy": [
        0.9917507171630859,
        0.9935838580131531,
        0.9972502589225769,
        1.0,
        1.0,
        1.0,
        1.0,
        1.0,
        1.0,
        1.0,
        1.0,
        1.0,
        1.0,
        0.9725022912025452,
        1.0
    ],
    "val_loss": [
        0.029171757400035858,
        0.022756021469831467,
        0.012943542562425137,
        0.00014062273839954287,
        6.918152212165296e-05,
        3.820359779638238e-05,
        2.204797237936873e-05,
        1.5335826901718974e-05,
        8.107214853225742e-06,
        5.169541054783622e-06,
        5.414677161752479e-06,
        3.4800386856659316e-06,
        1.496264985689777e-06,
        0.23182936012744904,
        0.0009026064071804285
    ]
}