{
    "accuracy": [
        0.9006218910217285,
        0.99374920129776,
        0.9916867613792419,
        0.9999048113822937,
        1.0,
        1.0,
        1.0,
        1.0,
        1.0,
        1.0,
        1.0,
        1.0,
        1.0,
        1.0,
        1.0
    ],
    "loss": [
        0.30002903938293457,
        0.02016744203865528,
        0.028347769752144814,
        0.0005020967801101506,
        3.4737760870484635e-05,
        1.849394539021887e-05,
        1.105561932490673e-05,
        6.196859885676531e-06,
        3.865082817355869e-06,
        2.2870108296046965e-06,
        1.3773135378869483e-06,
        8.022298061405309e-07,
        5.242825977802568e-07,
        2.7503406840878597e-07,
        1.74787757600825e-07
    ],
    "val_accuracy": [
        0.996333658695221,
        0.999083399772644,
        0.999083399772644,
        1.0,
        1.0,
        1.0,
        1.0,
        1.0,
        1.0,
        1.0,
        1.0,
        1.0,
        1.0,
        1.0,
        1.0
    ],
    "val_loss": [
        0.031318988651037216,
        0.0029928304720669985,
        0.0036404263228178024,
        0.0001003606230369769,
        4.770221858052537e-05,
        3.302555705886334e-05,
        2.6710651582106948e-05,
        1.4024284610059112e-05,
        1.6569203580729663e-05,
        6.6742604758474045e-06,
        4.2822121031349525e-06,
        5.301463716023136e-06,
        1.1780891782109393e-06,
        1.270679604203906e-06,
        1.3773890259471955e-06
    ]
}