{
    "accuracy": [
        0.6482738852500916,
        0.9166455268859863,
        0.9717603921890259,
        0.9893704652786255,
        0.9901002645492554,
        0.994193434715271,
        0.9936540126800537,
        0.9975568056106567,
        0.9942569136619568,
        1.0,
        1.0,
        0.992797315120697
    ],
    "loss": [
        0.9403890371322632,
        0.2569696009159088,
        0.09905701130628586,
        0.03801829367876053,
        0.031161488965153694,
        0.018954329192638397,
        0.020977171137928963,
        0.00991006102412939,
        0.019647162407636642,
        0.0006124128703959286,
        0.0003503145417198539,
        0.026795944198966026
    ],
    "val_accuracy": [
        0.8414298892021179,
        0.9404216408729553,
        0.9743354916572571,
        0.9926672577857971,
        0.9935838580131531,
        0.999083399772644,
        0.996333658695221,
        1.0,
        0.999083399772644,
        1.0,
        0.999083399772644,
        1.0
    ],
    "val_loss": [
        0.4637185037136078,
        0.17583513259887695,
        0.07752880454063416,
        0.026493776589632034,
        0.027117006480693817,
        0.005894576199352741,
        0.011546793393790722,
        0.0021564490161836147,
        0.002382006961852312,
        0.0007894132286310196,
        0.0023323530331254005,
        0.0009803783614188433
    ]
}