{
    "accuracy": [
        0.7284871339797974,
        0.9431399703025818,
        0.9786457419395447,
        0.9884185791015625,
        0.9884185791015625,
        0.9892118573188782,
        0.9954625964164734,
        0.9943521022796631,
        0.9986673593521118,
        0.9920992255210876,
        0.9982231259346008,
        1.0,
        1.0,
        0.9923847913742065,
        0.995589554309845
    ],
    "loss": [
        0.8068357110023499,
        0.1953209936618805,
        0.08092700690031052,
        0.04242938756942749,
        0.039813846349716187,
        0.03461410477757454,
        0.017097018659114838,
        0.019028445705771446,
        0.006368117406964302,
        0.024871187284588814,
        0.007281489670276642,
        0.0006884503527544439,
        0.0004569118900690228,
        0.02743327058851719,
        0.015403449535369873
    ],
    "val_accuracy": [
        0.9101741313934326,
        0.9715856909751892,
        0.9761686325073242,
        0.996333658695221,
        0.9972502589225769,
        0.9981667995452881,
        0.9981667995452881,
        0.9761686325073242,
        0.9981667995452881,
        1.0,
        1.0,
        1.0,
        1.0,
        0.999083399772644,
        0.996333658695221
    ],
    "val_loss": [
        0.32234644889831543,
        0.10861555486917496,
        0.07193887233734131,
        0.01949409954249859,
        0.016464194282889366,
        0.010498442687094212,
        0.009617848321795464,
        0.06357921659946442,
        0.0040560755878686905,
        0.002355811186134815,
        0.0015806324081495404,
        0.0005088397883810103,
        0.00037079863250255585,
        0.004040309693664312,
        0.009278037585318089
    ]
}