{
    "accuracy": [
        0.7595824599266052,
        0.9788678884506226,
        0.9920040369033813,
        0.9916232824325562,
        0.9940030574798584,
        0.999048113822937,
        0.9943521022796631,
        0.999048113822937,
        1.0,
        1.0,
        1.0,
        0.9943521022796631,
        0.9971760511398315
    ],
    "loss": [
        0.6968684792518616,
        0.07019162178039551,
        0.027294665575027466,
        0.026082336902618408,
        0.020159170031547546,
        0.003532658563926816,
        0.01950102485716343,
        0.003511255607008934,
        0.00012129105016356334,
        5.5929434893187135e-05,
        3.5086650314042345e-05,
        0.029112618416547775,
        0.009630393236875534
    ],
    "val_accuracy": [
        0.9734188914299011,
        0.9972502589225769,
        0.995417058467865,
        0.999083399772644,
        0.9935838580131531,
        1.0,
        0.999083399772644,
        1.0,
        1.0,
        1.0,
        1.0,
        0.999083399772644,
        1.0
    ],
    "val_loss": [
        0.10356621444225311,
        0.014992830343544483,
        0.016520146280527115,
        0.00448972312733531,
        0.022901250049471855,
        0.00038364887586794794,
        0.0029293557163327932,
        0.00010701555584091693,
        8.892369078239426e-05,
        4.3497606384335086e-05,
        3.960841058869846e-05,
        0.003995724953711033,
        0.0006567016243934631
    ]
}