{
    "accuracy": [
        0.710432767868042,
        0.904492974281311,
        0.954626202583313,
        0.9757583737373352,
        0.9831514358520508,
        0.9868637919425964,
        0.989846408367157,
        0.9974616169929504,
        0.9904175400733948,
        0.9928925037384033
    ],
    "loss": [
        0.8644692897796631,
        0.2871558964252472,
        0.1398637592792511,
        0.07766637951135635,
        0.054414574056863785,
        0.041879456490278244,
        0.0328189879655838,
        0.010662861168384552,
        0.030292309820652008,
        0.02157571166753769
    ],
    "val_accuracy": [
        0.8487626314163208,
        0.9330888986587524,
        0.9743354916572571,
        0.9706690907478333,
        0.9514207243919373,
        0.9789184331893921,
        0.980751633644104,
        0.9972502589225769,
        0.996333658695221,
        0.9825847744941711
    ],
    "val_loss": [
        0.43974825739860535,
        0.17782171070575714,
        0.09243645519018173,
        0.08227195590734482,
        0.12578748166561127,
        0.05656513199210167,
        0.05227108672261238,
        0.007923322729766369,
        0.014304229989647865,
        0.03641124814748764
    ]
}