{
    "accuracy": [
        0.8728265166282654,
        0.9937809109687805,
        0.9954308867454529,
        0.9999048113822937,
        1.0,
        0.991908848285675,
        0.9999682903289795
    ],
    "loss": [
        0.37449851632118225,
        0.024632951244711876,
        0.015601917169988155,
        0.0005699379835277796,
        0.0001298915158258751,
        0.02641955018043518,
        0.0002882267290260643
    ],
    "val_accuracy": [
        0.9844179749488831,
        0.995417058467865,
        1.0,
        1.0,
        1.0,
        0.999083399772644,
        1.0
    ],
    "val_loss": [
        0.04879749193787575,
        0.011115437373518944,
        0.0013394696870818734,
        0.0007023122743703425,
        0.00034753026557154953,
        0.005101899150758982,
        0.0008306645904667675
    ]
}