{
    "accuracy": [
        0.9292740225791931,
        0.997651994228363,
        1.0,
        0.9882599115371704,
        0.9999365210533142
    ],
    "loss": [
        0.2259105145931244,
        0.009029872715473175,
        0.00011934518988709897,
        0.04032980278134346,
        0.0002932534844148904
    ],
    "val_accuracy": [
        0.994500458240509,
        1.0,
        1.0,
        1.0,
        0.9972502589225769
    ],
    "val_loss": [
        0.01921973191201687,
        0.00027165713254362345,
        9.523134212940931e-05,
        0.0002918184327427298,
        0.008240479975938797
    ]
}