{
    "accuracy": [
        0.8260248899459839,
        0.9766467809677124,
        0.9913694858551025,
        0.9989211559295654,
        0.9959068298339844,
        0.9998413324356079,
        1.0,
        0.9944155216217041,
        0.9997461438179016,
        1.0,
        1.0,
        1.0,
        1.0,
        1.0,
        1.0,
        1.0,
        1.0,
        0.9967635273933411,
        0.9977788925170898
    ],
    "loss": [
        0.5410319566726685,
        0.08072614669799805,
        0.036606308072805405,
        0.007210334297269583,
        0.014728166162967682,
        0.0017163259908556938,
        0.0002771301951725036,
        0.018374526873230934,
        0.0016055736923590302,
        0.00014464020205195993,
        8.44375099404715e-05,
        5.5523505579913035e-05,
        3.267226566094905e-05,
        2.107625550706871e-05,
        1.4953587196941953e-05,
        8.335121492564213e-06,
        5.317354862199863e-06,
        0.013882691040635109,
        0.007077764719724655
    ],
    "val_accuracy": [
        0.9688359498977661,
        0.9880843162536621,
        0.9917507171630859,
        1.0,
        0.996333658695221,
        1.0,
        1.0,
        1.0,
        1.0,
        1.0,
        1.0,
        1.0,
        1.0,
        1.0,
        1.0,
        1.0,
        1.0,
        0.9560036659240723,
        1.0
    ],
    "val_loss": [
        0.13426955044269562,
        0.04534723609685898,
        0.040976349264383316,
        0.001449584262445569,
        0.01879773661494255,
        0.0008743515936657786,
        0.0004924979875795543,
        0.0010872922139242291,
        0.0003744031419046223,
        0.00024486833717674017,
        0.00016915734158828855,
        0.00010884314542636275,
        6.200189091032371e-05,
        3.617266702349298e-05,
        2.1099811419844627e-05,
        2.0476927602430806e-05,
        1.042178428178886e-05,
        0.16861388087272644,
        0.0003929934464395046
    ]
}