{
    "accuracy": [
        0.8700977563858032,
        0.9891800880432129,
        0.9957799315452576,
        0.9936540126800537,
        1.0,
        1.0,
        1.0,
        1.0,
        1.0,
        1.0,
        1.0,
        1.0,
        1.0,
        1.0,
        1.0,
        0.990290641784668
    ],
    "loss": [
        0.3968093693256378,
        0.03560379147529602,
        0.013467049226164818,
        0.02134319581091404,
        0.0005572964437305927,
        8.271747356047854e-05,
        4.952664676238783e-05,
        2.4031784050748684e-05,
        1.3587004104920197e-05,
        7.784735316818114e-06,
        4.5175524974183645e-06,
        2.6960860850522295e-06,
        1.5720169130872819e-06,
        1.089203465198807e-06,
        4.791041192220291e-06,
        0.046628035604953766
    ],
    "val_accuracy": [
        0.99083411693573,
        0.975252091884613,
        0.999083399772644,
        1.0,
        1.0,
        1.0,
        1.0,
        1.0,
        1.0,
        1.0,
        1.0,
        1.0,
        1.0,
        1.0,
        0.8716773390769958,
        1.0
    ],
    "val_loss": [
        0.04185827448964119,
        0.07118042558431625,
        0.0010174816707149148,
        0.0023227231577038765,
        0.00011599692516028881,
        6.14348755334504e-05,
        3.292712790425867e-05,
        2.21191603486659e-05,
        1.2272880667296704e-05,
        9.247351954400074e-06,
        4.587549028656213e-06,
        4.2200654206681065e-06,
        2.276140321555431e-06,
        1.580871753503743e-06,
        0.942344069480896,
        0.00022876165166962892
    ]
}