{
    "accuracy": [
        0.8113656640052795,
        0.9651288390159607,
        0.9725536108016968
    ],
    "loss": [
        0.5758293271064758,
        0.10863267630338669,
        0.08339276164770126
    ],
    "val_accuracy": [
        0.9541704654693604,
        0.8900091648101807,
        0.9257562160491943
    ],
    "val_loss": [
        0.14362646639347076,
        0.35269367694854736,
        0.2295561283826828
    ]
}