{
    "accuracy": [
        0.8082878589630127,
        0.9608452916145325,
        0.9771544337272644,
        0.9748064279556274,
        0.9827072024345398,
        0.9863561391830444,
        0.9842936992645264,
        0.9881964921951294,
        0.9910839200019836
    ],
    "loss": [
        0.5714516639709473,
        0.12447729706764221,
        0.07428653538227081,
        0.08512316644191742,
        0.05584016442298889,
        0.04455617815256119,
        0.05131717771291733,
        0.03660588338971138,
        0.032436907291412354
    ],
    "val_accuracy": [
        0.9395050406455994,
        0.9532539248466492,
        0.9926672577857971,
        0.9825847744941711,
        0.9935838580131531,
        0.994500458240509,
        1.0,
        0.9734188914299011,
        0.996333658695221
    ],
    "val_loss": [
        0.18668584525585175,
        0.12613889575004578,
        0.02384539321064949,
        0.04316919669508934,
        0.020495731383562088,
        0.00984225608408451,
        0.0033450238406658173,
        0.09274131059646606,
        0.013306795619428158
    ]
}