{
    "accuracy": [
        0.7410204410552979,
        0.9158840179443359,
        0.9476138949394226,
        0.9588462710380554,
        0.9690316319465637,
        0.980295717716217,
        0.9766150712966919,
        0.9830562472343445,
        0.9815966486930847,
        0.9858484864234924,
        0.9879743456840515
    ],
    "loss": [
        0.7830316424369812,
        0.2684624493122101,
        0.1669785976409912,
        0.13270094990730286,
        0.09821450710296631,
        0.06537231057882309,
        0.07138817012310028,
        0.05297281593084335,
        0.05441124737262726,
        0.04673592746257782,
        0.03789540380239487
    ],
    "val_accuracy": [
        0.844179630279541,
        0.9422548413276672,
        0.9404216408729553,
        0.9395050406455994,
        0.9569202661514282,
        0.9871677160263062,
        0.9871677160263062,
        0.9294225573539734,
        0.996333658695221,
        0.9917507171630859,
        0.9605866074562073
    ],
    "val_loss": [
        0.4297010600566864,
        0.18883156776428223,
        0.17974691092967987,
        0.1772143393754959,
        0.11372245848178864,
        0.047610413283109665,
        0.03883957490324974,
        0.20573264360427856,
        0.0158028956502676,
        0.024711649864912033,
        0.11166519671678543
    ]
}