{
    "accuracy": [
        0.7381330132484436,
        0.9078880548477173,
        0.9455514550209045,
        0.9571011662483215,
        0.971474826335907,
        0.973886251449585,
        0.9763612151145935,
        0.9802640080451965
    ],
    "loss": [
        0.843752384185791,
        0.2999723255634308,
        0.1812407523393631,
        0.13539119064807892,
        0.095524363219738,
        0.08323635160923004,
        0.07537993788719177,
        0.06162339821457863
    ],
    "val_accuracy": [
        0.8817598819732666,
        0.9358386993408203,
        0.9010082483291626,
        0.9404216408729553,
        0.9825847744941711,
        0.985334575176239,
        0.9706690907478333,
        0.9660861492156982
    ],
    "val_loss": [
        0.37719976902008057,
        0.1963888555765152,
        0.27222099900245667,
        0.16787199676036835,
        0.07248566299676895,
        0.05251782014966011,
        0.06856659799814224,
        0.0961972251534462
    ]
}