{
    "accuracy": [
        0.845443606376648,
        0.961765468120575,
        0.976329505443573,
        0.982580304145813,
        0.9856898188591003,
        0.9859436750411987,
        0.9870224595069885
    ],
    "loss": [
        0.4567338526248932,
        0.11195561289787292,
        0.074857197701931,
        0.054766349494457245,
        0.04711146652698517,
        0.0473029799759388,
        0.043300922960042953
    ],
    "val_accuracy": [
        0.9560036659240723,
        0.9514207243919373,
        0.975252091884613,
        0.9670027494430542,
        0.9981667995452881,
        0.996333658695221,
        0.995417058467865
    ],
    "val_loss": [
        0.14455391466617584,
        0.13583658635616302,
        0.06331408023834229,
        0.10693249851465225,
        0.005630661733448505,
        0.012839182280004025,
        0.013824495486915112
    ]
}