{
    "accuracy": [
        0.6707704067230225,
        0.8550260066986084,
        0.9098235964775085,
        0.9345729351043701,
        0.9493907690048218,
        0.959480881690979,
        0.9591318964958191,
        0.9659855365753174
    ],
    "loss": [
        0.9422469735145569,
        0.4365116059780121,
        0.2816760241985321,
        0.2083963304758072,
        0.16106170415878296,
        0.1308050900697708,
        0.12602856755256653,
        0.10736352205276489
    ],
    "val_accuracy": [
        0.7855178713798523,
        0.8927589654922485,
        0.9285059571266174,
        0.9596700072288513,
        0.9266727566719055,
        0.9615032076835632,
        0.9605866074562073,
        0.9340054988861084
    ],
    "val_loss": [
        0.5975865125656128,
        0.3233143985271454,
        0.20880869030952454,
        0.14498171210289001,
        0.19202718138694763,
        0.10693376511335373,
        0.10858331620693207,
        0.18645621836185455
    ]
}