{
    "accuracy": [
        0.7646592259407043,
        0.9420294165611267,
        0.9689046740531921,
        0.9715065360069275,
        0.9834687113761902,
        0.9831831455230713,
        0.9806447625160217
    ],
    "loss": [
        0.6908063292503357,
        0.1781979650259018,
        0.09528860449790955,
        0.08310148119926453,
        0.051599305123090744,
        0.05186692625284195,
        0.060441989451646805
    ],
    "val_accuracy": [
        0.9202566742897034,
        0.9440879821777344,
        0.9770852327346802,
        0.985334575176239,
        0.9926672577857971,
        0.9725022912025452,
        0.99083411693573
    ],
    "val_loss": [
        0.2435043752193451,
        0.14594809710979462,
        0.06405612826347351,
        0.04586056247353554,
        0.02558150887489319,
        0.06268230825662613,
        0.029092414304614067
    ]
}