{
    "accuracy": [
        0.6184160709381104,
        0.7932795882225037,
        0.85515296459198,
        0.8742860555648804,
        0.8931653499603271,
        0.9102360606193542,
        0.9203579425811768
    ],
    "loss": [
        1.1040009260177612,
        0.6150684952735901,
        0.450031578540802,
        0.3886328339576721,
        0.3297044038772583,
        0.2811002731323242,
        0.24840706586837769
    ],
    "val_accuracy": [
        0.7901008129119873,
        0.8001832962036133,
        0.8432630896568298,
        0.9010082483291626,
        0.9019248485565186,
        0.9074243903160095,
        0.8881759643554688
    ],
    "val_loss": [
        0.6813020706176758,
        0.5919826030731201,
        0.46576428413391113,
        0.3082055449485779,
        0.2909562289714813,
        0.29293128848075867,
        0.3016678988933563
    ]
}