{
    "accuracy": [
        0.746985673904419,
        0.9290836453437805,
        0.9622096419334412,
        0.9739180207252502,
        0.9806764721870422,
        0.9812158942222595,
        0.9881647229194641,
        0.9930511713027954,
        0.98749840259552,
        0.9900685548782349,
        0.9881647229194641,
        0.9892118573188782,
        0.9992702007293701
    ],
    "loss": [
        0.7964252233505249,
        0.23572714626789093,
        0.12777936458587646,
        0.08476395905017853,
        0.06214587762951851,
        0.056878186762332916,
        0.03856522589921951,
        0.022209307178854942,
        0.036189254373311996,
        0.03216182440519333,
        0.0333237424492836,
        0.03398515284061432,
        0.003432732541114092
    ],
    "val_accuracy": [
        0.8716773390769958,
        0.9688359498977661,
        0.9835013747215271,
        0.975252091884613,
        0.9917507171630859,
        0.9835013747215271,
        0.995417058467865,
        1.0,
        0.996333658695221,
        1.0,
        0.999083399772644,
        0.9981667995452881,
        1.0
    ],
    "val_loss": [
        0.42053666710853577,
        0.1389133781194687,
        0.07378964871168137,
        0.08102141320705414,
        0.04165954142808914,
        0.038559071719646454,
        0.016191666945815086,
        0.005549321882426739,
        0.008055396378040314,
        0.004981630016118288,
        0.0034046024084091187,
        0.005546996369957924,
        0.0034582242369651794
    ]
}