{
    "accuracy": [
        0.816696286201477,
        0.9577991962432861,
        0.9737910628318787,
        0.9799466729164124,
        0.9814697504043579,
        0.9869272708892822,
        0.9878474473953247,
        0.9877205491065979,
        0.9911473393440247
    ],
    "loss": [
        0.5366119742393494,
        0.12586039304733276,
        0.08058898150920868,
        0.063359834253788,
        0.06095999479293823,
        0.03983969986438751,
        0.04126114025712013,
        0.03770080953836441,
        0.034612927585840225
    ],
    "val_accuracy": [
        0.9385884404182434,
        0.9330888986587524,
        0.9880843162536621,
        0.9880843162536621,
        0.986251175403595,
        0.989917516708374,
        0.9981667995452881,
        0.9981667995452881,
        0.980751633644104
    ],
    "val_loss": [
        0.1704791784286499,
        0.20161379873752594,
        0.03507838398218155,
        0.03274185210466385,
        0.030614756047725677,
        0.022229555994272232,
        0.004897392820566893,
        0.00828324444591999,
        0.06952083855867386
    ]
}