{
    "accuracy": [
        0.83970046043396,
        0.9688094854354858,
        0.976837158203125,
        0.9815014600753784,
        0.9865148067474365
    ],
    "loss": [
        0.4697844386100769,
        0.09502886980772018,
        0.07139446586370468,
        0.0605146549642086,
        0.04301943629980087
    ],
    "val_accuracy": [
        0.9697525501251221,
        0.9468377828598022,
        0.9890009164810181,
        0.9890009164810181,
        0.99083411693573
    ],
    "val_loss": [
        0.10047590732574463,
        0.15957342088222504,
        0.021699974313378334,
        0.04369870945811272,
        0.026362817734479904
    ]
}