{
    "accuracy": [
        0.7190950512886047,
        0.8837733268737793,
        0.9332720041275024,
        0.948819637298584,
        0.9618923664093018,
        0.9655095934867859,
        0.9709988832473755,
        0.9713478684425354,
        0.9806447625160217,
        0.9804226160049438,
        0.9794390201568604
    ],
    "loss": [
        0.8713115453720093,
        0.3609659671783447,
        0.21481779217720032,
        0.1643516719341278,
        0.12233514338731766,
        0.10803855210542679,
        0.08849353343248367,
        0.08927729725837708,
        0.05858713760972023,
        0.060516130179166794,
        0.06699587404727936
    ],
    "val_accuracy": [
        0.845096230506897,
        0.9248396158218384,
        0.9569202661514282,
        0.9395050406455994,
        0.9789184331893921,
        0.9202566742897034,
        0.979835033416748,
        0.9450045824050903,
        0.9935838580131531,
        0.985334575176239,
        0.9633364081382751
    ],
    "val_loss": [
        0.44122251868247986,
        0.2389364093542099,
        0.14543835818767548,
        0.16775086522102356,
        0.08560720086097717,
        0.21061936020851135,
        0.06714556366205215,
        0.14616166055202484,
        0.02570798061788082,
        0.04968895763158798,
        0.10624813288450241
    ]
}