{
    "accuracy": [
        0.7934065461158752,
        0.9550387263298035,
        0.9747747182846069,
        0.9788995981216431,
        0.9862926602363586,
        0.982136070728302
    ],
    "loss": [
        0.6192266345024109,
        0.14113357663154602,
        0.07777629792690277,
        0.06616413593292236,
        0.03946371749043465,
        0.05651146173477173
    ],
    "val_accuracy": [
        0.9385884404182434,
        0.9825847744941711,
        0.9725022912025452,
        0.9890009164810181,
        0.9642530083656311,
        0.975252091884613
    ],
    "val_loss": [
        0.20596474409103394,
        0.060756098479032516,
        0.08197630196809769,
        0.030428266152739525,
        0.09661684930324554,
        0.07756341993808746
    ]
}