{
    "accuracy": [
        0.8137136697769165,
        0.9617019891738892,
        0.9740766882896423,
        0.9819456934928894,
        0.9871493577957153,
        0.9843888878822327,
        0.9864513278007507,
        0.9886089563369751
    ],
    "loss": [
        0.5674589276313782,
        0.11509069800376892,
        0.08292628079652786,
        0.05479302257299423,
        0.04265213757753372,
        0.047206081449985504,
        0.05001174286007881,
        0.04003829136490822
    ],
    "val_accuracy": [
        0.9450045824050903,
        0.9376718401908875,
        0.9844179749488831,
        0.9660861492156982,
        0.994500458240509,
        0.996333658695221,
        0.995417058467865,
        0.9871677160263062
    ],
    "val_loss": [
        0.15567457675933838,
        0.17444530129432678,
        0.028984570875763893,
        0.14590531587600708,
        0.017648540437221527,
        0.009079585783183575,
        0.012815950438380241,
        0.03360738605260849
    ]
}