{
    "accuracy": [
        0.8011485934257507,
        0.9640182852745056,
        0.9746160507202148,
        0.979851484298706,
        0.9833100438117981,
        0.9862292408943176,
        0.989846408367157,
        0.9857532978057861,
        0.9886089563369751,
        0.9925434589385986,
        0.9923847913742065,
        0.991845428943634
    ],
    "loss": [
        0.5820080637931824,
        0.11270032078027725,
        0.07913777977228165,
        0.06071320176124573,
        0.052020542323589325,
        0.04384652525186539,
        0.03418540582060814,
        0.05275000259280205,
        0.04390280693769455,
        0.024494579061865807,
        0.025232313200831413,
        0.026110896840691566
    ],
    "val_accuracy": [
        0.9569202661514282,
        0.9825847744941711,
        0.975252091884613,
        0.986251175403595,
        0.9935838580131531,
        0.9789184331893921,
        0.996333658695221,
        0.9972502589225769,
        0.996333658695221,
        0.999083399772644,
        0.9981667995452881,
        0.9890009164810181
    ],
    "val_loss": [
        0.14261047542095184,
        0.06210827827453613,
        0.07334823906421661,
        0.04566975310444832,
        0.01957770250737667,
        0.06548520177602768,
        0.009927429258823395,
        0.00942491739988327,
        0.014578259550035,
        0.001882025389932096,
        0.00718962587416172,
        0.0198738444596529
    ]
}